dealerId,capdb,domain,homepage,c
14814,LEA4475,adventurecars.com,http://www.adventurecars.com/index.htm,2
12766,LEA12192,adventurecars.com,http://www.adventurecars.com/index.htm,2
115,LEA6726,aldersonbenz.com,http://www.aldersonbenz.com/index.htm,2
577,LEA15442,aldersonbenz.com,http://www.aldersonbenz.com/index.htm,2
4809,LEA9987,allensamuelsdodgekaty.com,http://www.allensamuelsdodgekaty.com/index.htm,2
2820,LEA16779,allensamuelsdodgekaty.com,http://www.allensamuelsdodgekaty.com/index.htm,2
14309,LEA17540,allstarkiapomona.com,http://www.allstarkiapomona.com/,2
14248,LEA1667,allstarkiapomona.com,http://www.allstarkiapomona.com/,2
9756,LEA4278,alserracolorado.com,http://www.alserracolorado.com/,4
8838,LEA615,alserracolorado.com,http://www.alserracolorado.com/,4
13231,LEA12865,alserracolorado.com,http://www.alserracolorado.com/,4
9757,LEA4091,alserracolorado.com,http://www.alserracolorado.com/,4
5369,LEA849,andymohravonnissan.com,http://www.andymohravonnissan.com/,2
4867,LEA17797,andymohravonnissan.com,http://www.andymohravonnissan.com/,2
17380,LEA4834,arapahoehyundai.com,http://www.arapahoehyundai.com/,2
10046,LEA670,arapahoehyundai.com,http://www.arapahoehyundai.com/,2
12671,LEA13061,arcadiachevrolet.com,http://www.arcadiachevrolet.com/,2
12672,LEA7091,arcadiachevrolet.com,http://www.arcadiachevrolet.com/,2
9412,LEA1000,arthillfords.com,http://www.arthillfords.com/,2
13121,LEA17472,arthillfords.com,http://www.arthillfords.com/,2
1685,LEA17387,astonmartinsandiego.com,http://www.astonmartinsandiego.com/,2
1686,LEA17535,astonmartinsandiego.com,http://www.astonmartinsandiego.com/,2
10464,LEA4132,audiboulder.com,http://www.audiboulder.com/index.htm,2
10110,LEA337,audiboulder.com,http://www.audiboulder.com,2
15251,LEA1028,audiclarksburg.com,http://www.audiclarksburg.com/index.htm,2
16131,LEA656,audiclarksburg.com,http://www.audiclarksburg.com/index.htm,2
9344,LEA270,audidenver.com,http://www.audidenver.com/index.htm,2
11439,LEA4703,audidenver.com,http://www.audidenver.com/index.htm,2
1644,LEA8662,audiglenwoodsprings.com,http://www.audiglenwoodsprings.com/index.htm,2
630,LEA3844,audiglenwoodsprings.com,http://www.audiglenwoodsprings.com/index.htm,2
3456,LEA11073,audigrandrapids.com,http://www.audigrandrapids.com/index.htm,2
3457,LEA12846,audigrandrapids.com,http://www.audigrandrapids.com/index.htm,2
15318,LEA14044,audijackson.com,http://www.audijackson.com/index.htm,2
16622,LEA14754,audijackson.com,http://www.audijackson.com/index.htm,2
7448,LEA12623,autohausofpeoria.com,http://www.autohausofpeoria.com/,2
3698,LEA17467,autohausofpeoria.com,http://www.autohausofpeoria.com/index.htm,2
12607,LEA7467,autonation.com,http://www.autonation.com/find-a-store/brand/volkswagen,2
1286,LEA7129,autonation.com,http://www.autonation.com/find-a-store/brand/volvo,2
7368,LEA80,autonationdodgeramarapahoe.com,http://www.autonationdodgeramarapahoe.com/index.htm,3
16585,LEA8699,autonationdodgeramarapahoe.com,http://www.autonationdodgeramarapahoe.com/index.htm,3
16088,LEA3887,autonationdodgeramarapahoe.com,http://www.autonationdodgeramarapahoe.com/index.htm,3
1636,LEA4761,autonationfiatnorthdenver.com,http://www.autonationfiatnorthdenver.com/index.htm,2
1958,LEA334,autonationfiatnorthdenver.com,http://www.autonationfiatnorthdenver.com/index.htm,2
13988,LEA332,autonationhonda104.com,http://www.autonationhonda104.com,2
10444,LEA4379,autonationhonda104.com,http://www.autonationhonda104.com/,2
13989,LEA4767,autonationhyundai104.com,http://www.autonationhyundai104.com/,2
16175,LEA664,autonationhyundai104.com,http://www.autonationhyundai104.com/,2
13973,LEA8665,autonationnissanarapahoe.com,http://www.autonationnissanarapahoe.com/,3
13968,LEA3848,autonationnissanarapahoe.com,http://www.autonationnissanarapahoe.com/,3
13969,LEA3854,autonationnissanarapahoe.com,http://www.autonationnissanarapahoe.com/,3
11274,LEA84,autonationsubaruarapahoe.com,http://www.autonationsubaruarapahoe.com/index.htm,2
9849,LEA4835,autonationsubaruarapahoe.com,http://www.autonationsubaruarapahoe.com/,2
7169,LEA367,autonationsubaruwest.com,http://www.autonationsubaruwest.com/,2
10018,LEA4102,autonationsubaruwest.com,http://www.autonationsubaruwest.com/,2
13975,LEA8696,autonationtoyotaarapahoe.com,http://www.autonationtoyotaarapahoe.com/,3
13970,LEA3884,autonationtoyotaarapahoe.com,http://www.autonationtoyotaarapahoe.com/,3
9282,LEA78,autonationtoyotaarapahoe.com,http://www.autonationtoyotaarapahoe.com/,3
14430,LEA1638,autoworlddodge.com,http://www.autoworlddodge.com/,2
14429,LEA1637,autoworlddodge.com,http://www.autoworlddodge.com/,2
11220,LEA5820,avondalemitsubishi.com,http://www.avondalemitsubishi.com/,2
9900,LEA517,avondalemitsubishi.com,http://www.avondalemitsubishi.com/,2
11137,LEA5821,avondalenissan.com,http://www.avondalenissan.com/,2
17165,LEA518,avondalenissan.com,http://www.avondalenissan.com/,2
8731,LEA11256,bakermotorcompany.com,http://www.bakermotorcompany.com/,2
4453,LEA11253,bakermotorcompany.com,http://www.bakermotorcompany.com/,2
11762,LEA9164,barlowbpg.com,http://www.barlowbpg.com/,2
11765,LEA9350,barlowbpg.com,http://www.barlowbpg.com/,2
16368,LEA1581,bedfordford.com,http://www.bedfordford.com/index.htm,2
2404,LEA14818,bedfordford.com,http://www.bedfordford.com/index.htm,2
12859,LEA13949,belkford.net,http://www.belkford.net/,2
6220,LEA14467,belkford.net,http://www.belkford.net/,2
832,LEA676,bellford.com,http://www.bellford.com/,3
16974,LEA195,bellford.com,http://www.bellford.com/,3
10852,LEA7479,bellford.com,http://www.bellford.com/new-inventory/index.htm,3
14016,LEA4743,benzcoloradosprings.com,http://www.benzcoloradosprings.com/,2
14017,LEA712,benzcoloradosprings.com,http://www.benzcoloradosprings.com/,2
6194,LEA14699,berglundofbedford.com,http://www.berglundofbedford.com/index.htm,2
3532,LEA14709,berglundofbedford.com,http://www.berglundofbedford.com/index.htm,2
17076,LEA1121,bernardsnorthtown.net,http://www.bernardsnorthtown.net/index.htm,2
4019,LEA683,bernardsnorthtown.net,http://www.bernardsnorthtown.net/index.htm,2
2678,LEA3894,bestbuysubaru.com,http://www.bestbuysubaru.com/,2
4884,LEA8707,bestbuysubaru.com,http://www.bestbuysubaru.com/index.htm,2
15206,LEA8009,bevsmithkia.net,http://www.bevsmithkia.net/,2
15207,LEA9690,bevsmithkia.net,http://www.bevsmithkia.net/,2
14053,LEA8848,bighorntoyota.com,http://www.bighorntoyota.com/,2
10732,LEA3996,bighorntoyota.com,http://www.bighorntoyota.com/,2
4697,LEA6550,bigislandhonda.com,http://www.bigislandhonda.com/,2
9098,LEA6380,bigislandhonda.com,http://www.bigislandhonda.com/,2
15817,LEA6347,bigislandmotors.com,http://www.bigislandmotors.com/,2
11024,LEA6551,bigislandmotors.com,http://www.bigislandmotors.com/,2
9619,LEA14026,billcaroneford.com,http://billcaroneford.com/,2
11166,LEA14688,billcaroneford.com,http://billcaroneford.com/,2
9620,LEA14028,billcaronegm.com,http://www.billcaronegm.com/,2
10222,LEA14689,billcaronegm.com,http://www.billcaronegm.com/,2
14917,LEA8106,billionauto.com,http://www.billionauto.com,2
1434,LEA13366,billionauto.com,https://www.billionauto.com/,2
13392,LEA4935,billjacobsmazda.com,http://billjacobsmazda.com/,2
13391,LEA3203,billjacobsmazda.com,http://billjacobsmazda.com/,2
13219,LEA12166,billsnethkamp.com,http://www.billsnethkamp.com/,2
16632,LEA12862,billsnethkamp.com,http://www.billsnethkamp.com/,2
13446,LEA17762,billwalshstreator.com,http://www.billwalshstreator.com/,2
15423,LEA16265,billwalshstreator.com,http://www.billwalshstreator.com/,2
11742,LEA8835,bmwoftenafly.com,http://www.bmwoftenafly.com/,2
10741,LEA8584,bmwoftenafly.com,http://www.bmwoftenafly.com/,2
4046,LEA17778,bmwwest.com,http://www.bmwwest.com/index.htm,2
3753,LEA4453,bmwwest.com,http://www.bmwwest.com/index.htm,2
17266,LEA14712,bobkingmb.com,http://www.bobkingmb.com/,2
9595,LEA14032,bobkingmb.com,http://www.bobkingmb.com/,2
14021,LEA8728,bobpenkhusvolvo.com,http://www.bobpenkhusvolvo.com/index.htm,2
1640,LEA4531,bobpenkhusvolvo.com,http://www.bobpenkhusvolvo.com/,2
13478,LEA17084,bobridingschryslerdodge.com,http://www.bobridingschryslerdodge.com/index.htm,2
13479,LEA17097,bobridingschryslerdodge.com,http://www.bobridingschryslerdodge.com/index.htm,2
678,LEA719,bonanzafordofwray.com,http://bonanzafordofwray.com/,2
150,LEA4415,bonanzafordofwray.com,http://bonanzafordofwray.com/,2
5206,LEA17667,bonhamchrysler.com,http://www.bonhamchrysler.com/,2
5212,LEA3804,bonhamchrysler.com,http://www.bonhamchrysler.com/,2
6556,LEA8701,boydauto.com,http://www.boydauto.com/,2
6649,LEA8704,boydauto.com,http://www.boydauto.com/,2
14004,LEA4185,brightonfordco.com,http://brightonfordco.com/,2
11471,LEA728,brightonfordco.com,http://brightonfordco.com/,2
2683,LEA14592,brunermotors.com,http://www.brunermotors.com/,2
16438,LEA3802,brunermotors.com,http://www.brunermotors.com/,2
2056,LEA13981,buddysbuick.com,http://www.buddysbuick.com/,2
1080,LEA14491,buddysbuick.com,http://www.buddysbuick.com/,2
582,LEA717,burlington-limonford.com,http://www.burlington-limonford.com/,2
1057,LEA4193,burlington-limonford.com,http://www.burlington-limonford.com/,2
8147,LEA10852,burnschevycadillac.com,http://www.burnschevycadillac.com/,2
3935,LEA12287,burnschevycadillac.com,http://www.burnschevycadillac.com/,2
11521,LEA5321,buypatriot.com,http://www.buypatriot.com/,2
6912,LEA9161,buypatriot.com,http://www.buypatriot.com/,2
16835,LEA6794,cambridgeautogroup.com,http://www.cambridgeautogroup.com/,2
16836,LEA7213,cambridgeautogroup.com,http://www.cambridgeautogroup.com/,2
9217,LEA8062,capitaleurocars.com,http://www.capitaleurocars.com/,2
1254,LEA8371,capitaleurocars.com,http://www.capitaleurocars.com/,2
10097,LEA14038,capitallincolncary.com,http://capitallincolncary.com/,2
1768,LEA14730,capitallincolncary.com,http://capitallincolncary.com/,2
6587,LEA11050,capitolchevy.com,http://www.capitolchevy.com/,2
7100,LEA14124,capitolchevy.com,http://www.capitolchevy.com/,2
10721,LEA5207,cargillchev.com,http://www.cargillchev.com/,2
10722,LEA5260,cargillchev.com,http://www.cargillchev.com/,2
16414,LEA1519,carsoncityhyundai.com,http://www.carsoncityhyundai.com/,2
5341,LEA1844,carsoncityhyundai.com,http://www.carsoncityhyundai.com/,2
9302,LEA2123,carsontoyota.com,http://www.carsontoyota.com/,2
5597,LEA2124,carsontoyota.com,http://www.carsontoyota.com/,2
9949,LEA4895,carterchevrolet.com,http://www.carterchevrolet.com/,2
5385,LEA18,carterchevrolet.com,http://www.carterchevrolet.com/,2
3704,LEA2134,casachryslerjeep.com,http://www.casachryslerjeep.com/,2
15552,LEA1965,casachryslerjeep.com,http://www.casachryslerjeep.com/index.htm,2
8429,LEA6806,cavenderbuickgmcwest.com,http://www.cavenderbuickgmcwest.com/,2
10650,LEA14584,cavenderbuickgmcwest.com,http://www.cavenderbuickgmcwest.com/,2
4328,LEA9409,cawoodauto.com,http://www.cawoodauto.com/,2
4758,LEA9413,cawoodauto.com,http://www.cawoodauto.com/,2
4355,LEA15702,centurydodgechryslerjeep.com,http://www.centurydodgechryslerjeep.com/index.htm,2
2868,LEA9458,centurydodgechryslerjeep.com,http://www.centurydodgechryslerjeep.com/index.htm,2
3207,LEA16047,championcjdindiana.com,http://www.championcjdindiana.com,2
4274,LEA16174,championcjdindiana.com,http://www.championcjdindiana.com/index.htm,2
9671,LEA13968,chandlernissan.com,http://www.chandlernissan.com/,2
15276,LEA14483,chandlernissan.com,http://www.chandlernissan.com/,2
4289,LEA8102,chathamford.net,http://www.chathamford.net/,2
11580,LEA8104,chathamford.net,http://www.chathamford.net/,2
1481,LEA17527,chesterchryslercenter.com,http://www.chesterchryslercenter.com/index.htm,2
1482,LEA3493,chesterchryslercenter.com,http://www.chesterchryslercenter.com/,2
4011,LEA17364,chevystore.com,http://www.chevystore.com/index.htm,2
3116,LEA4717,chevystore.com,http://www.chevystore.com/index.htm,2
12544,LEA12964,chryslerjeepofnorthbroward.com,http://www.chryslerjeepofnorthbroward.com/,2
12545,LEA17546,chryslerjeepofnorthbroward.com,http://www.chryslerjeepofnorthbroward.com/,2
15663,LEA9171,chrysleronnicholasville.net,http://www.chrysleronnicholasville.net/,2
15664,LEA9213,chrysleronnicholasville.net,http://www.chrysleronnicholasville.net/,2
9918,LEA9195,circlebmw.com,http://www.circlebmw.com/,2
8344,LEA9196,circlebmw.com,http://www.circlebmw.com/,2
12395,LEA14030,citychevrolet.com,http://www.citychevrolet.com/,2
14725,LEA14700,citychevrolet.com,http://www.citychevrolet.com/,2
2480,LEA15538,classicarlington.com,http://www.classicarlington.com/,2
2949,LEA3506,classicarlington.com,http://www.classicarlington.com/,2
3861,LEA12872,classicchevrolet.com,http://www.classicchevrolet.com/,2
7559,LEA2884,classicchevrolet.com,http://www.classicchevrolet.com/,2
2870,LEA10381,classicchevrolet.net,http://www.classicchevrolet.net/,2
2349,LEA10384,classicchevrolet.net,http://www.classicchevrolet.net/,2
4653,LEA15904,classickia.com,http://www.classickia.com/,2
4654,LEA16664,classickia.com,http://www.classickia.com/,2
13493,LEA15385,classictoyotatyler.com,http://www.classictoyotatyler.com/index.htm,2
10254,LEA6767,classictoyotatyler.com,http://www.classictoyotatyler.com/index.htm,2
475,LEA12059,clevelandmotorsports.com,http://www.clevelandmotorsports.com,2
2073,LEA12041,clevelandmotorsports.com,http://www.clevelandmotorsports.com,2
11335,LEA6937,clickmotive.com,http://www.clickmotive.com/,3
16136,LEA13145,clickmotive.com,http://www.clickmotive.com,3
11671,LEA5529,clickmotive.com,http://www.clickmotive.com,3
9457,LEA14049,clickmountairy.com,http://www.clickmountairy.com/,2
5958,LEA14762,clickmountairy.com,http://www.clickmountairy.com/,2
15658,LEA14031,cloningertoyota.com,http://www.cloningertoyota.com/,2
11079,LEA14706,cloningertoyota.com,http://www.cloningertoyota.com/,2
15550,LEA9678,coconutcreekchevrolet.com,http://www.coconutcreekchevrolet.com/,2
8659,LEA6474,coconutcreekchevrolet.com,http://www.coconutcreekchevrolet.com/,2
12700,LEA4559,cogginhondaftpierce.com,http://www.cogginhondaftpierce.com/index.htm,2
12692,LEA17597,cogginhondaftpierce.com,http://www.cogginhondaftpierce.com/index.htm,2
12474,LEA4565,cogginoforangepark.com,http://www.cogginoforangepark.com/,2
1252,LEA17592,cogginoforangepark.com,http://www.cogginoforangepark.com/,2
11918,LEA11821,colonialtoyota.com,http://www.colonialtoyota.com/,2
15365,LEA10795,colonialtoyota.com,http://www.colonialtoyota.com/index.htm,2
8032,LEA3946,coloradododge.com,http://www.coloradododge.com/index.htm,3
14005,LEA8832,coloradododge.com,http://www.coloradododge.com/index.htm,3
10930,LEA3944,coloradododge.com,http://www.coloradododge.com/,3
14027,LEA4071,coloradospringshyundai.com,http://www.coloradospringshyundai.com/,2
14030,LEA650,coloradospringshyundai.com,http://www.coloradospringshyundai.com/,2
12905,LEA12697,columbusmitsu.com,http://www.columbusmitsu.com/index.htm,2
12918,LEA13875,columbusmitsu.com,http://www.columbusmitsu.com,2
2262,LEA7272,communitymotorsofmasoncity.net,http://www.communitymotorsofmasoncity.net/,2
14903,LEA8156,communitymotorsofmasoncity.net,http://www.communitymotorsofmasoncity.net/index.htm,2
17064,LEA416,continentalautogroup.com,http://continentalautogroup.com/,2
17065,LEA6003,continentalautogroup.com,http://continentalautogroup.com/,2
673,LEA680,cookfordcraig.com,http://cookfordcraig.com/,2
1645,LEA4799,cookfordcraig.com,http://cookfordcraig.com/,2
6213,LEA376,cooksubaru.com,http://www.cooksubaru.com/index.htm,2
13998,LEA4191,cooksubaru.com,http://www.cooksubaru.com/,2
3786,LEA534,cosbmw.com,http://www.cosbmw.com/,2
7462,LEA4439,cosbmw.com,http://www.cosbmw.com/,2
15179,LEA11348,countrychryslerdodgejeep.net,http://www.countrychryslerdodgejeep.net/,2
2853,LEA16641,countrychryslerdodgejeep.net,http://www.countrychryslerdodgejeep.net/index.htm,2
3353,LEA3612,countryclubnissan.com,http://www.countryclubnissan.com/,2
5564,LEA3613,countryclubnissan.com,http://www.countryclubnissan.com/,2
16412,LEA8914,courtesy-mazda.com,http://www.courtesy-mazda.com/index.htm,3
11162,LEA394,courtesy-mazda.com,http://www.courtesy-mazda.com/index.htm,3
11163,LEA4041,courtesy-mazda.com,http://www.courtesy-mazda.com/index.htm,3
15595,LEA4769,courtesyacura4u.com,http://www.courtesyacura4u.com/,2
17206,LEA294,courtesyacura4u.com,http://www.courtesyacura4u.com/index.htm,2
9152,LEA17581,courtesychryslerjeepdodge.com,http://www.courtesychryslerjeepdodge.com/index.htm,2
12615,LEA12987,courtesychryslerjeepdodge.com,http://www.courtesychryslerjeepdodge.com/index.htm,2
5465,LEA1268,craterlakemotors.com,http://craterlakemotors.com/,2
3708,LEA1024,craterlakemotors.com,http://craterlakemotors.com/,2
6987,LEA14643,crosscreeksubaru.com,http://www.crosscreeksubaru.com/,2
10974,LEA13994,crosscreeksubaru.com,http://www.crosscreeksubaru.com/,2
16135,LEA13450,crossroadscars.com,http://www.crossroadscars.com,2
12393,LEA13449,crossroadscars.com,http://www.crossroadscars.com,2
15244,LEA12436,crownacuraclearwater.com,http://www.crownacuraclearwater.com/,2
15245,LEA6616,crownacuraclearwater.com,http://www.crownacuraclearwater.com/,2
10911,LEA12437,crownaudi.com,http://www.crownaudi.com/,2
10912,LEA6618,crownaudi.com,http://www.crownaudi.com/,2
14558,LEA13928,crowndodgeoffayetteville.com,http://www.crowndodgeoffayetteville.com/,2
14727,LEA14457,crowndodgeoffayetteville.com,http://www.crowndodgeoffayetteville.com/,2
11459,LEA1252,dahlauto.com,http://www.dahlauto.com/index.htm,2
2574,LEA2848,dahlauto.com,http://www.dahlauto.com/index.htm,2
7873,LEA16517,darlings.com,http://www.darlings.com/index.htm,2
11633,LEA16135,darlings.com,http://www.darlings.com/index.htm,2
4044,LEA4310,davesolonnissan.com,http://www.davesolonnissan.com/,2
4045,LEA707,davesolonnissan.com,http://www.davesolonnissan.com/index.htm,2
16282,LEA5139,davidsonchevrolet.com,http://www.davidsonchevrolet.com/,2
15934,LEA13,davidsonchevrolet.com,http://www.davidsonchevrolet.com/,2
835,LEA11413,dealers.maserati.com,http://www.dealers.maserati.com/dealers/us/en/louisville/index.html,17
1045,LEA5384,dealers.maserati.com,http://www.dealers.maserati.com/dealers/us/en/millermotorcars/index.html,17
16099,LEA7224,dealers.maserati.com,http://www.dealers.maserati.com/dealers/us/en/morriscounty/index.html,17
3719,LEA15111,dealers.maserati.com,http://www.dealers.maserati.com/dealers/us/en/charlesbarker/index.html,17
9110,LEA6808,dealers.maserati.com,http://www.dealers.maserati.com/dealers/us/en/fckerbeck/index.html,17
11728,LEA7693,dealers.maserati.com,http://www.dealers.maserati.com/dealers/us/en/bergen_county/index.html,17
4466,LEA8405,dealers.maserati.com,http://www.dealers.maserati.com/dealers/us/en/raycatena/index.html,17
11017,LEA13971,dealers.maserati.com,http://www.dealers.maserati.com/dealers/us/en/raleigh/index.html,17
1633,LEA4048,dealers.maserati.com,http://www.dealers.maserati.com/dealers/us/en/north_denver/index.html,17
1883,LEA4208,dealers.maserati.com,http://www.dealers.maserati.com/dealers/us/en/atlanta/index.html,17
789,LEA6071,dealers.maserati.com,http://www.dealers.maserati.com/dealers/us/en/jim-ellis-atlanta/index.html,17
1095,LEA6473,dealers.maserati.com,http://www.dealers.maserati.com/dealers/us/en/herb-chambers/index.html,17
9670,LEA14484,dealers.maserati.com,http://www.dealers.maserati.com/dealers/us/en/raleigh/index.html,17
1889,LEA14679,dealers.maserati.com,http://www.dealers.maserati.com/dealers/us/en/cary/index.html,17
9760,LEA12115,dealers.maserati.com,http://www.dealers.maserati.com/dealers/us/en/zeigler/index.html,17
822,LEA14015,dealers.maserati.com,http://www.dealers.maserati.com/dealers/us/en/cary/index.html,17
1099,LEA6333,dealers.maserati.com,http://www.dealers.maserati.com/dealers/us/en/newengland/index.html,17
212,LEA1701,defouwbmw.com,http://www.defouwbmw.com/,2
72,LEA15125,defouwbmw.com,http://www.defouwbmw.com/,2
9431,LEA414,dellenbachsubaru.com,http://www.dellenbachsubaru.com/,2
10309,LEA4396,dellenbachsubaru.com,http://www.dellenbachsubaru.com/,2
8186,LEA10166,deneckerchevrolet.com,http://www.deneckerchevrolet.com/,2
3248,LEA15193,deneckerchevrolet.com,http://www.deneckerchevrolet.com/,2
8738,LEA1065,denooyerchevrolet.com,http://www.denooyerchevrolet.com/,2
2959,LEA12796,denooyerchevrolet.com,http://www.denooyerchevrolet.com/,2
1635,LEA4044,denver.bentleymotors.com,http://www.denver.bentleymotors.com/,2
10381,LEA8926,denver.bentleymotors.com,http://www.denver.bentleymotors.com/,2
8407,LEA5441,dequeenford.net,http://www.dequeenford.net/,2
17101,LEA5440,dequeenford.net,http://www.dequeenford.net/,2
12628,LEA7560,dimmitt.com,http://www.dimmitt.com/,2
16489,LEA7561,dimmitt.com,http://www.dimmitt.com/,2
13431,LEA15885,dixonflm.com,http://www.dixonflm.com/,2
3102,LEA16253,dixonflm.com,http://www.dixonflm.com/,2
15686,LEA7004,dodgeofburnsville.com,http://www.dodgeofburnsville.com/,2
15687,LEA8624,dodgeofburnsville.com,http://www.dodgeofburnsville.com/index.htm,2
10682,LEA1835,dolanrenomazda.com,https://www.dolanrenomazda.com/,2
14175,LEA1862,dolanrenomazda.com,https://www.dolanrenomazda.com/,2
11313,LEA5254,donallenchryslerdodgejeepram.com,http://www.donallenchryslerdodgejeepram.com/,2
14547,LEA5257,donallenchryslerdodgejeepram.com,http://www.donallenchryslerdodgejeepram.com/,2
13832,LEA8381,dondaviselcampo.com,http://www.dondaviselcampo.com/,2
13833,LEA8440,dondaviselcampo.com,http://www.dondaviselcampo.com/,2
6736,LEA10383,donherring.com,http://www.donherring.com/,2
6284,LEA12988,donherring.com,http://www.donherring.com/,2
8018,LEA9912,donmcgilltoyota.com,http://donmcgilltoyota.com/,2
9950,LEA2996,donmcgilltoyota.com,http://donmcgilltoyota.com/,2
11403,LEA9240,douggraychryslerdodgejeep.com,http://www.douggraychryslerdodgejeep.com/index.htm,2
13663,LEA17729,douggraychryslerdodgejeep.com,http://www.douggraychryslerdodgejeep.com/index.htm,2
13664,LEA17728,douggraymotors.com,http://www.douggraymotors.com/,2
15461,LEA10298,douggraymotors.com,http://www.douggraymotors.com/,2
713,LEA696,dovecreekford.com,http://www.dovecreekford.com/,2
629,LEA4230,dovecreekford.com,http://www.dovecreekford.com/,2
7010,LEA7445,driveserra.com,http://www.driveserra.com,2
13170,LEA7448,driveserra.com,http://www.driveserra.com/,2
14044,LEA8812,durangoford.com,http://www.durangoford.com/,2
9223,LEA3928,durangoford.com,http://www.durangoford.com/,2
14043,LEA8803,durangotoyota.com,http://www.durangotoyota.com/index.htm,2
8034,LEA3927,durangotoyota.com,http://www.durangotoyota.com/index.htm,2
16751,LEA1471,dutchmillerchevrolethyundai.com,http://www.dutchmillerchevrolethyundai.com/chevrolet.html?utm_source=Dutch%20Miller&utm_medium=referral&utm_campaign=Dutch%20Miller%20Chevrolet,2
15892,LEA12891,dutchmillerchevrolethyundai.com,http://www.dutchmillerchevrolethyundai.com/,2
4083,LEA1661,eastbaymini.com,http://www.eastbaymini.com/,2
14418,LEA16377,eastbaymini.com,http://www.eastbaymini.com/,2
16262,LEA13011,eastcoastvolkswagen.com,http://www.eastcoastvolkswagen.com/index.htm,2
16378,LEA8884,eastcoastvolkswagen.com,http://www.eastcoastvolkswagen.com/,2
1341,LEA14040,eatongm.net,http://www.eatongm.net/,2
1790,LEA14736,eatongm.net,http://www.eatongm.net/,2
8431,LEA4234,economynissan.com,http://www.economynissan.com/,2
10939,LEA701,economynissan.com,http://www.economynissan.com/index.htm,2
11448,LEA56,edbozarthchevy.com,http://www.edbozarthchevy.com/,2
9360,LEA4221,edbozarthchevy.com,http://www.edbozarthchevy.com/,2
2681,LEA928,edmartinhonda.com,http://edmartinhonda.com/,3
15717,LEA927,edmartinhonda.com,http://edmartinhonda.com/,3
8983,LEA17028,edmartinhonda.com,http://edmartinhonda.com/,3
9418,LEA6705,edwardschevroletcadillac.com,http://www.edwardschevroletcadillac.com/,2
13285,LEA15535,edwardschevroletcadillac.com,http://www.edwardschevroletcadillac.com/,2
15534,LEA9456,edwardskia.net,http://edwardskia.net/,2
15882,LEA7897,edwardskia.net,http://www.edwardskia.net,2
15262,LEA4539,ehrlichtoyota.com,http://www.ehrlichtoyota.com/,2
6003,LEA548,ehrlichtoyota.com,http://www.ehrlichtoyota.com/,2
7484,LEA551,ehrlichtoyotaeast.com,http://www.ehrlichtoyotaeast.com/,3
15263,LEA3936,ehrlichtoyotaeast.com,http://www.ehrlichtoyotaeast.com/,3
11418,LEA8829,ehrlichtoyotaeast.com,http://www.ehrlichtoyotaeast.com/,3
9127,LEA9229,eliteacura.com,http://www.eliteacura.com/,2
4106,LEA9248,eliteacura.com,http://www.eliteacura.com/,2
3047,LEA1558,elkhornchevrolet.com,http://elkhornchevrolet.com/,2
5150,LEA3726,elkhornchevrolet.com,http://www.elkhornchevrolet.com/,2
3790,LEA8582,elliottautogroup.com,http://www.elliottautogroup.com/,2
6744,LEA8618,elliottautogroup.com,http://www.elliottautogroup.com/,2
13986,LEA312,emichchevrolet.com,http://www.emichchevrolet.com/,2
13987,LEA4224,emichchevrolet.com,http://www.emichchevrolet.com/,2
8605,LEA3874,empirelakewoodnissan.com,http://www.empirelakewoodnissan.com/,2
5660,LEA8690,empirelakewoodnissan.com,http://www.empirelakewoodnissan.com/,2
3578,LEA2154,evansvillekia.com,http://www.evansvillekia.com/,2
16295,LEA1605,evansvillekia.com,http://www.evansvillekia.com/,2
14731,LEA14466,fairwayfordburgaw.net,http://www.fairwayfordburgaw.net/,2
11461,LEA13947,fairwayfordburgaw.net,http://www.fairwayfordburgaw.net/,2
3150,LEA14848,faulknerauto.com,http://www.faulknerauto.com/,2
12137,LEA11840,faulknerauto.com,http://www.faulknerauto.com/,2
16163,LEA12695,faulknerchevrolet.com,http://www.faulknerchevrolet.com/index.htm,2
16110,LEA15700,faulknerchevrolet.com,http://www.faulknerchevrolet.com/index.htm,2
2929,LEA9893,faulknerhyundaiphilly.com,http://www.faulknerhyundaiphilly.com/,2
2326,LEA11313,faulknerhyundaiphilly.com,http://www.faulknerhyundaiphilly.com,2
9625,LEA17404,fentonofmc.com,http://fentonofmc.com/,2
6350,LEA8814,fentonofmc.com,http://fentonofmc.com/,2
285,LEA8378,ferrarimaseratipalmbeach.com,http://www.ferrarimaseratipalmbeach.com/,2
2255,LEA14475,ferrarimaseratipalmbeach.com,http://www.ferrarimaseratipalmbeach.com/,2
8155,LEA2225,ferrario.com,http://www.ferrario.com/,2
12083,LEA11334,ferrario.com,http://www.ferrario.com,2
9803,LEA14052,fiatusafayetteville.com,http://www.fiatusafayetteville.com/,2
5696,LEA14769,fiatusafayetteville.com,http://www.fiatusafayetteville.com/,2
15074,LEA5991,fiatusaofatlanta.com,http://www.fiatusaofatlanta.com/,2
9045,LEA6069,fiatusaofatlanta.com,http://www.fiatusaofatlanta.com/,2
11256,LEA14035,firstplacefordlincoln.dealerconnection.com,http://firstplacefordlincoln.dealerconnection.com/,2
11257,LEA14721,firstplacefordlincoln.dealerconnection.com,http://firstplacefordlincoln.dealerconnection.com/,2
16310,LEA7585,fitzgeraldcountrysidechryslerjeep.com,http://www.fitzgeraldcountrysidechryslerjeep.com/index.htm,2
5460,LEA7583,fitzgeraldcountrysidechryslerjeep.com,http://www.fitzgeraldcountrysidechryslerjeep.com/index.htm,2
16214,LEA339,flatironsacura.com,http://www.flatironsacura.com/,2
7300,LEA4675,flatironsacura.com,http://www.flatironsacura.com/,2
13103,LEA2162,fletcherchrysler.com,http://www.fletcherchrysler.com/,2
13104,LEA2163,fletcherchrysler.com,http://www.fletcherchrysler.com/,2
14473,LEA2620,folsombuickgmc.com,http://www.folsombuickgmc.com/,2
14474,LEA2621,folsombuickgmc.com,http://www.folsombuickgmc.com/,2
14514,LEA1353,fordcountry.com,http://www.fordcountry.com/,2
17061,LEA1583,fordcountry.com,http://www.fordcountry.com/,2
15044,LEA6560,fordhawaii.com,http://fordhawaii.com/,2
15041,LEA6374,fordhawaii.com,http://fordhawaii.com/,2
1971,LEA14494,fordoutlets.com,http://www.fordoutlets.com/,2
1966,LEA13984,fordoutlets.com,http://www.fordoutlets.com/,2
16484,LEA407,fortcollinsmitsubishi.com,http://www.fortcollinsmitsubishi.com/index.htm,2
6874,LEA4337,fortcollinsmitsubishi.com,http://www.fortcollinsmitsubishi.com/,2
14897,LEA11791,franklinchevrolet.com,http://www.franklinchevrolet.com/,2
10127,LEA6229,franklinchevrolet.com,http://www.franklinchevrolet.com/,2
12896,LEA10777,franklinfamilychevrolet.com,http://www.franklinfamilychevrolet.com/,2
14866,LEA9388,franklinfamilychevrolet.com,http://www.franklinfamilychevrolet.com/,2
1353,LEA13615,franklinparklincoln.com,http://franklinparklincoln.com,2
1354,LEA13617,franklinparklincoln.com,http://franklinparklincoln.com,2
4703,LEA619,freedomhonda.net,http://www.freedomhonda.net/,2
15684,LEA4555,freedomhonda.net,http://www.freedomhonda.net/,2
1229,LEA13972,freemanford.com,http://www.freemanford.com/,2
1767,LEA14485,freemanford.com,http://www.freemanford.com/,2
14464,LEA16635,freemantoyota.com,http://www.freemantoyota.com/index.htm,2
13753,LEA8528,freemantoyota.com,http://www.freemantoyota.com/index.htm,2
2878,LEA7070,friendlychev.com,http://www.friendlychev.com/,2
6411,LEA15594,friendlychev.com,http://www.friendlychev.com/,2
7775,LEA389,frontierhonda.com,http://www.frontierhonda.com/index.htm,2
17110,LEA4739,frontierhonda.com,http://www.frontierhonda.com/,2
11387,LEA8737,frontrangehonda.com,http://www.frontrangehonda.com/,3
9255,LEA3909,frontrangehonda.com,http://www.frontrangehonda.com/,3
2691,LEA608,frontrangehonda.com,http://www.frontrangehonda.com/,3
16722,LEA6652,fuccillokiaschenectady.com,http://fuccillokiaschenectady.com/,2
16718,LEA5533,fuccillokiaschenectady.com,http://fuccillokiaschenectady.com/,2
16038,LEA1150,fxcaprarachryslerjeepdodge.com,http://www.fxcaprarachryslerjeepdodge.com/index.htm,2
16733,LEA7359,fxcaprarachryslerjeepdodge.com,http://www.fxcaprarachryslerjeepdodge.com/index.htm,2
15715,LEA27,galetoyota.com,http://www.galetoyota.com/,2
10363,LEA5553,galetoyota.com,http://www.galetoyota.com/,2
14223,LEA15372,galpinmazda.com,http://www.galpinmazda.com/,2
14235,LEA17494,galpinmazda.com,http://www.galpinmazda.com/,2
16563,LEA338,gebhardtbmw.com,http://www.gebhardtbmw.com/,2
10258,LEA4540,gebhardtbmw.com,http://www.gebhardtbmw.com/,2
9959,LEA14039,gerrywooddodge.com,http://www.gerrywooddodge.com/,2
11015,LEA14732,gerrywooddodge.com,http://www.gerrywooddodge.com/,2
5708,LEA1732,glenviewmitsubishi.com,http://www.glenviewmitsubishi.com/,2
10555,LEA1731,glenviewmitsubishi.com,http://www.glenviewmitsubishi.com/,2
9617,LEA4629,glenwoodspringsford.com,http://www.glenwoodspringsford.com/,2
2490,LEA684,glenwoodspringsford.com,http://www.glenwoodspringsford.com/,2
2034,LEA2904,gmdealerlocator.com,http://www.gmdealerlocator.com/,3
1699,LEA1669,gmdealerlocator.com,http://www.gmdealerlocator.com/,3
16696,LEA13508,gmdealerlocator.com,http://www.gmdealerlocator.com/,3
17320,LEA1836,goldsteinsubaru.com,http://www.goldsteinsubaru.com/,2
17321,LEA2026,goldsteinsubaru.com,http://www.goldsteinsubaru.com/,2
12560,LEA3862,google.com,https://www.google.com/,3
10124,LEA5046,google.com,https://www.google.com/,3
12576,LEA4284,google.com,https://www.google.com/,3
5505,LEA10854,gordonchevrolet.com,http://www.gordonchevrolet.com/,2
11501,LEA4727,gordonchevrolet.com,http://www.gordonchevrolet.com/,2
5502,LEA7284,graffmtpleasant.com,http://www.graffmtpleasant.com/,2
5503,LEA10752,graffmtpleasant.com,http://www.graffmtpleasant.com/,2
14052,LEA4374,grandwestkia.com,http://www.grandwestkia.com,2
5575,LEA692,grandwestkia.com,http://www.grandwestkia.com/,2
1637,LEA4820,greeleymazda.com,http://www.greeleymazda.com/index.htm,2
1638,LEA541,greeleymazda.com,http://www.greeleymazda.com/index.htm,2
14006,LEA4355,greeleysubaru.com,http://www.greeleysubaru.com/,2
16354,LEA540,greeleysubaru.com,http://www.greeleysubaru.com/index.htm,2
3950,LEA3259,greenwayautos.com,http://greenwayautos.com/,2
3959,LEA17030,greenwayautos.com,http://greenwayautos.com/,2
13495,LEA15425,gregweeks.com,http://www.gregweeks.com/,2
6642,LEA8438,gregweeks.com,http://www.gregweeks.com/,2
12602,LEA13869,griecomazdadelray.com,http://www.griecomazdadelray.com/index.htm,2
12604,LEA7048,griecomazdadelray.com,http://www.griecomazdadelray.com/index.htm,2
12704,LEA9627,grieconissanfortpierce.com,http://www.grieconissanfortpierce.com/index.htm,2
12694,LEA13868,grieconissanfortpierce.com,http://www.grieconissanfortpierce.com/index.htm,2
5877,LEA3445,griffithford.com,http://griffithford.com/,3
3098,LEA12497,griffithford.com,http://griffithford.com/,3
4334,LEA6970,griffithford.com,http://griffithford.com/,3
13974,LEA8687,groovemazda.com,http://www.groovemazda.com/,3
6629,LEA77,groovemazda.com,http://www.groovemazda.com/,3
10504,LEA3870,groovemazda.com,http://www.groovemazda.com/,3
11343,LEA86,groovesubaru.com,http://www.groovesubaru.com/index.htm,2
10103,LEA4622,groovesubaru.com,http://www.groovesubaru.com/,2
10047,LEA4626,groovetoyota.com,http://www.groovetoyota.com/,2
16668,LEA263,groovetoyota.com,http://www.groovetoyota.com/,2
10305,LEA817,grossauto.com,http://www.grossauto.com/,2
3693,LEA3686,grossauto.com,http://www.grossauto.com/,2
5130,LEA5005,gusmachadofordofkendall.com,http://www.gusmachadofordofkendall.com/index.cfm,2
5031,LEA5846,gusmachadofordofkendall.com,http://www.gusmachadofordofkendall.com,2
9738,LEA3645,haddadsubaru.com,http://www.haddadsubaru.com/index.htm,2
9261,LEA6593,haddadsubaru.com,http://www.haddadsubaru.com/,2
3648,LEA14674,hartmotors.com,http://www.hartmotors.com/,2
4270,LEA14681,hartmotors.com,http://www.hartmotors.com/,2
16839,LEA7141,hastingsautos.com,http://www.hastingsautos.com/,2
16840,LEA7142,hastingsautos.com,http://www.hastingsautos.com/,2
10536,LEA2600,hellermotors.com,http://www.hellermotors.com/,2
3122,LEA17220,hellermotors.com,http://www.hellermotors.com/,2
13453,LEA16123,hellerstores.net,http://www.hellerstores.net/,2
13454,LEA17522,hellerstores.net,http://www.hellerstores.net/,2
12396,LEA14033,hendrickmotorsofcharlotte.com,http://www.hendrickmotorsofcharlotte.com/,2
14726,LEA14717,hendrickmotorsofcharlotte.com,http://www.hendrickmotorsofcharlotte.com/,2
14111,LEA12852,heritageautotremonton.com,http://www.heritageautotremonton.com/index.htm,2
14112,LEA12855,heritageautotremonton.com,http://www.heritageautotremonton.com/index.htm,2
4828,LEA11056,heritagechevrolet.com,http://www.heritagechevrolet.com/,2
4261,LEA14277,heritagechevrolet.com,http://www.heritagechevrolet.com/,2
1909,LEA13114,hersruds.com,http://www.hersruds.com/,2
749,LEA13372,hersruds.com,http://www.hersruds.com/,2
12244,LEA15362,hertrichchryslerdodgeofpocomoke.com,http://www.hertrichchryslerdodgeofpocomoke.com/,2
6308,LEA15132,hertrichchryslerdodgeofpocomoke.com,http://www.hertrichchryslerdodgeofpocomoke.com/service/index.htm,2
11187,LEA13733,hickorytoyota.com,http://www.hickorytoyota.com/index.htm,2
11444,LEA13926,hickorytoyota.com,http://www.hickorytoyota.com/index.htm,2
14972,LEA4438,highwayfordla.com,http://www.highwayfordla.com/,2
1846,LEA4463,highwayfordla.com,http://www.highwayfordla.com/,2
3318,LEA17114,hoehnmercedes.com,http://www.hoehnmercedes.com/index.htm,2
5500,LEA17026,hoehnmercedes.com,http://www.hoehnmercedes.com/index.htm,2
17247,LEA132,hoffmanaudiofhartford.com,http://www.hoffmanaudiofhartford.com/index.htm,2
8557,LEA5689,hoffmanaudiofhartford.com,http://www.hoffmanaudiofhartford.com/index.htm,2
725,LEA5656,hoffmanporsche.com,http://hoffmanporsche.com/,2
566,LEA32,hoffmanporsche.com,http://hoffmanporsche.com/,2
9862,LEA5409,hoffmantoyota.com,http://www.hoffmantoyota.com/index.htm,2
9130,LEA29,hoffmantoyota.com,http://www.hoffmantoyota.com/index.htm,2
14008,LEA4451,hondaofgreeley.com,http://www.hondaofgreeley.com/,3
16582,LEA543,hondaofgreeley.com,http://www.hondaofgreeley.com/index.htm,3
14009,LEA4537,hondaofgreeley.com,http://www.hondaofgreeley.com/,3
13674,LEA9173,hoytedodge.com,http://www.hoytedodge.com/,2
13696,LEA10144,hoytedodge.com,http://www.hoytedodge.com/,2
10481,LEA10226,hudiburggm.com,http://www.hudiburggm.com/,2
10328,LEA10230,hudiburggm.com,http://www.hudiburggm.com/,2
10678,LEA14504,hustoncadillacbuickgmc.com,http://www.hustoncadillacbuickgmc.com/,2
5755,LEA6630,hustoncadillacbuickgmc.com,http://www.hustoncadillacbuickgmc.com/,2
6597,LEA10260,hyundaiaustin.com,http://www.hyundaiaustin.com/index.htm,2
6271,LEA15503,hyundaiaustin.com,http://www.hyundaiaustin.com/index.htm,2
7495,LEA104,hyundaiburlingame.com,http://www.hyundaiburlingame.com,2
9895,LEA103,hyundaiburlingame.com,http://www.hyundaiburlingame.com,2
11130,LEA4115,hyundaicoloradosprings.com,http://www.hyundaicoloradosprings.com/,2
5330,LEA652,hyundaicoloradosprings.com,http://www.hyundaicoloradosprings.com/,2
13704,LEA6100,hyundaiofdallas.com,http://www.hyundaiofdallas.com/,2
10711,LEA6345,hyundaiofdallas.com,http://www.hyundaiofdallas.com/,2
2632,LEA15998,hyundaiofevansville.com,http://www.hyundaiofevansville.com/,2
5333,LEA17722,hyundaiofevansville.com,http://www.hyundaiofevansville.com/,2
16090,LEA4450,hyundaiofgreeley.com,http://www.hyundaiofgreeley.com/,2
7698,LEA725,hyundaiofgreeley.com,http://www.hyundaiofgreeley.com/,2
10644,LEA3863,i25kia.com,http://www.i25kia.com/index.htm,2
14001,LEA8680,i25kia.com,http://www.i25kia.com/index.htm,2
14000,LEA4802,interstatetoyota.com,http://www.interstatetoyota.com/,2
3784,LEA398,interstatetoyota.com,http://www.interstatetoyota.com/,2
6321,LEA17665,irwinhyundai.com,http://www.irwinhyundai.com/,2
6322,LEA17697,irwinhyundai.com,http://www.irwinhyundai.com/,2
13488,LEA15576,isringhausen.com,http://www.isringhausen.com/,2
13486,LEA10568,isringhausen.com,http://www.isringhausen.com/,2
10022,LEA8759,jackiecooperimports.com,http://www.jackiecooperimports.com/index.htm,2
45,LEA10422,jackiecooperimports.com,http://www.jackiecooperimports.com/index.htm,2
1772,LEA14641,jaguarasheville.com,http://www.jaguarasheville.com/,2
1238,LEA13993,jaguarasheville.com,http://www.jaguarasheville.com/,2
2405,LEA572,jaguarcs.com,http://www.jaguarcs.com/,2
10994,LEA4636,jaguarcs.com,http://www.jaguarcs.com/,2
1196,LEA11081,jaguarlandroverwc.com,http://www.jaguarlandroverwc.com,2
525,LEA11083,jaguarlandroverwc.com,http://www.jaguarlandroverwc.com,2
2050,LEA9470,jameshodgechevy.com,http://www.jameshodgechevy.com/,2
2229,LEA8398,jameshodgechevy.com,http://www.jameshodgechevy.com/,2
14820,LEA5163,jenkinschryslerdodgejeep.com,http://www.jenkinschryslerdodgejeep.com/index.htm,2
14819,LEA5050,jenkinschryslerdodgejeep.com,http://www.jenkinschryslerdodgejeep.com/index.htm,2
10610,LEA10148,jimshorkey.com,http://www.jimshorkey.com,2
7986,LEA8466,jimshorkey.com,http://www.jimshorkey.com,2
15816,LEA3900,johnelwaychevrolet.com,http://www.johnelwaychevrolet.com/,2
7528,LEA335,johnelwaychevrolet.com,http://www.johnelwaychevrolet.com/,2
82,LEA780,johnrobertsmotorworks.com,http://www.johnrobertsmotorworks.com/,2
1005,LEA4238,johnrobertsmotorworks.com,http://www.johnrobertsmotorworks.com/,2
10929,LEA538,johnsonautoplaza.com,http://www.johnsonautoplaza.com/,2
9439,LEA8831,johnsonautoplaza.com,http://www.johnsonautoplaza.com/,2
5352,LEA14669,johnsonhyundai.com,http://www.johnsonhyundai.com/,2
9270,LEA14004,johnsonhyundai.com,http://www.johnsonhyundai.com/,2
14276,LEA16674,kearnymesamitsubishi.com,http://www.kearnymesamitsubishi.com/index.htm,2
6120,LEA16681,kearnymesamitsubishi.com,http://www.kearnymesamitsubishi.com/index.htm,2
11351,LEA697,keeseemotorcompany.com,http://keeseemotorcompany.com/,3
14046,LEA3917,keeseemotorcompany.com,http://keeseemotorcompany.com/,3
14048,LEA8743,keeseemotorcompany.com,http://keeseemotorcompany.com/,3
2614,LEA3261,kellynissan.com,http://www.kellynissan.com/,2
2601,LEA12364,kellynissan.com,http://www.kellynissan.com/,2
14531,LEA4171,kendallkiaoffairbanks.com,http://www.kendallkiaoffairbanks.com/index.htm,2
12564,LEA6433,kendallkiaoffairbanks.com,http://www.kendallkiaoffairbanks.com/index.htm,2
11302,LEA14650,kenlyfordinc.com,http://kenlyfordinc.com/,2
9459,LEA14000,kenlyfordinc.com,http://kenlyfordinc.com/,2
13430,LEA15419,kennelsonauto.com,http://www.kennelsonauto.com/,2
4354,LEA668,kennelsonauto.com,http://www.kennelsonauto.com/,2
6701,LEA15396,kennelsonautoplaza.net,http://www.kennelsonautoplaza.net/index.htm,3
15553,LEA574,kennelsonautoplaza.net,http://www.kennelsonautoplaza.net/index.htm,3
13432,LEA17447,kennelsonautoplaza.net,http://www.kennelsonautoplaza.net/index.htm,3
16101,LEA9948,kerbecksubaru.com,http://www.kerbecksubaru.com/,2
10754,LEA7984,kerbecksubaru.com,http://www.kerbecksubaru.com/,2
10674,LEA11502,keystonemotors.com,http://keystonemotors.com/,2
12123,LEA13792,keystonemotors.com,http://keystonemotors.com/,2
14252,LEA329,kiaofalhambra.com,http://www.kiaofalhambra.com/,2
16082,LEA328,kiaofalhambra.com,http://www.kiaofalhambra.com/,2
1712,LEA16801,kiaoffairfield.com,http://www.kiaoffairfield.com/,2
549,LEA17664,kiaoffairfield.com,http://www.kiaoffairfield.com/,2
15603,LEA6914,kiaofhattiesburg.com,http://kiaofhattiesburg.com/,2
16801,LEA4067,kiaofhattiesburg.com,http://kiaofhattiesburg.com/,2
7581,LEA10729,kiaofmeridian.com,http://www.kiaofmeridian.com/,2
11101,LEA10725,kiaofmeridian.com,http://www.kiaofmeridian.com/,2
866,LEA1422,kiastoreclarksville.com,http://www.kiastoreclarksville.com/,2
867,LEA1423,kiastoreclarksville.com,http://www.kiastoreclarksville.com/,2
7857,LEA1437,kiefernissan.com,http://www.kiefernissan.com/index.htm,2
16420,LEA1315,kiefernissan.com,http://www.kiefernissan.com/index.htm,2
9453,LEA391,kinggm.com,http://www.kinggm.com/,2
13999,LEA4038,kinggm.com,http://www.kinggm.com/,2
11109,LEA1075,kleinauto.com,http://www.kleinauto.com/,2
6151,LEA1038,kleinauto.com,http://www.kleinauto.com/,2
14014,LEA8817,korfautogroup.com,http://www.korfautogroup.com/,2
14012,LEA3931,korfautogroup.com,http://www.korfautogroup.com/,2
14498,LEA6504,kuhiomotors.net,http://www.kuhiomotors.net/,2
15048,LEA6415,kuhiomotors.net,http://www.kuhiomotors.net/,2
11138,LEA7671,kundertvolvo.com,http://www.kundertvolvo.com/,2
10739,LEA7952,kundertvolvo.com,http://www.kundertvolvo.com/,2
13976,LEA8702,kuni-honda.com,http://www.kuni-honda.com/index.htm,3
11465,LEA81,kuni-honda.com,http://www.kuni-honda.com/index.htm,3
13971,LEA3889,kuni-honda.com,http://www.kuni-honda.com/,3
17366,LEA578,kunilexusofcoloradosprings.com,http://www.kunilexusofcoloradosprings.com/,2
9311,LEA4698,kunilexusofcoloradosprings.com,http://www.kunilexusofcoloradosprings.com/,2
11021,LEA14761,kurtischevrolet.com,http://www.kurtischevrolet.com/,2
16583,LEA14048,kurtischevrolet.com,http://www.kurtischevrolet.com/,2
10591,LEA14724,lafayford.com,http://lafayford.com/,2
15757,LEA14036,lafayford.com,http://lafayford.com/,2
5052,LEA122,lagrangetoyota.com,http://www.lagrangetoyota.com/index.htm,2
5729,LEA4242,lagrangetoyota.com,http://www.lagrangetoyota.com/index.htm,2
4393,LEA13082,lakeauto.com,http://www.lakeauto.com/,2
4415,LEA13909,lakeauto.com,http://www.lakeauto.com/,2
6611,LEA4901,landersmclartytoyota.com,http://www.landersmclartytoyota.com/index.htm,2
12755,LEA11726,landersmclartytoyota.com,http://www.landersmclartytoyota.com/index.htm,2
9873,LEA4563,landmarklincoln.com,http://landmarklincoln.com/,2
8310,LEA674,landmarklincoln.com,http://landmarklincoln.com/,2
1754,LEA4053,landroverflatirons.com,http://www.landroverflatirons.com/,2
1634,LEA9013,landroverflatirons.com,http://www.landroverflatirons.com/,2
1643,LEA682,landroverroaringfork.com,http://www.landroverroaringfork.com/index.htm,2
960,LEA4620,landroverroaringfork.com,http://www.landroverroaringfork.com/,2
10262,LEA4020,larrymillernissan.com,http://www.larrymillernissan.com/,2
13983,LEA8888,larrymillernissan.com,http://www.larrymillernissan.com/index.htm,2
4349,LEA16005,laureltoyotapa.com,http://www.laureltoyotapa.com/,2
4348,LEA17385,laureltoyotapa.com,http://www.laureltoyotapa.com/,2
10355,LEA14045,leithbuick.com,http://www.leithbuick.com/,2
3656,LEA14756,leithbuick.com,http://www.leithbuick.com/,2
5362,LEA14753,leithchryslerdodgejeep.com,http://www.leithchryslerdodgejeep.com/,2
10357,LEA14043,leithchryslerdodgejeep.com,http://www.leithchryslerdodgejeep.com/,2
10356,LEA14047,leithwendell.com,http://www.leithwendell.com/,2
6803,LEA14760,leithwendell.com,http://www.leithwendell.com/,2
2999,LEA44,lenlyallchevrolet.com,http://lenlyallchevrolet.com/,3
13956,LEA4040,lenlyallchevrolet.com,http://www.lenlyallchevrolet.com/,3
11373,LEA8911,lenlyallchevrolet.com,http://www.lenlyallchevrolet.com/,3
2263,LEA1564,lesmack.com,http://www.lesmack.com/,2
17196,LEA3023,lesmack.com,http://www.lesmack.com/,2
2738,LEA7707,lesterglennsubaru.com,http://www.lesterglennsubaru.com/,2
11125,LEA7833,lesterglennsubaru.com,http://www.lesterglennsubaru.com/,2
2528,LEA5420,lexusofnorthmiami.com,http://www.lexusofnorthmiami.com/,2
17379,LEA5415,lexusofnorthmiami.com,http://www.lexusofnorthmiami.com/,2
10048,LEA402,lhmchryslerjeep.com,https://www.lhmchryslerjeep.com/index.htm,2
15301,LEA12895,lhmchryslerjeep.com,https://www.lhmchryslerjeep.com/index.htm,2
14613,LEA4140,lhmdenverdodge.com,http://www.lhmdenverdodge.com/,2
14614,LEA4183,lhmdenverdodge.com,http://www.lhmdenverdodge.com/,2
13361,LEA17442,libertykia.com,http://www.libertykia.com/,2
17020,LEA2487,libertykia.com,http://www.libertykia.com/,2
1639,LEA8757,limonchrysler.com,http://www.limonchrysler.com/index.htm,3
889,LEA3922,limonchrysler.com,http://www.limonchrysler.com/,3
890,LEA562,limonchrysler.com,http://www.limonchrysler.com/index.htm,3
1655,LEA13709,llmotorcoinc.com,http://www.llmotorcoinc.com/,2
1656,LEA13711,llmotorcoinc.com,http://www.llmotorcoinc.com/,2
576,LEA17197,losgatosluxcars.com,http://www.losgatosluxcars.com/,2
1719,LEA16729,losgatosluxcars.com,http://www.losgatosluxcars.com/,2
4020,LEA14648,lumbertonauto.com,http://www.lumbertonauto.com/,2
16325,LEA13999,lumbertonauto.com,http://www.lumbertonauto.com/,2
16452,LEA14020,lumbertonford.com,http://lumbertonford.com/,2
3730,LEA14684,lumbertonford.com,http://lumbertonford.com/,2
9319,LEA5159,lynchtoyota.com,http://www.lynchtoyota.com/index.htm,2
3496,LEA21,lynchtoyota.com,http://www.lynchtoyota.com/index.htm,2
13903,LEA14549,machaikfl.com,http://www.machaikfl.com/,2
3862,LEA15959,machaikfl.com,http://www.machaikfl.com/,2
16060,LEA2440,maguirechryslerjeepdodge.com,http://www.maguirechryslerjeepdodge.com/index.htm,2
7883,LEA7378,maguirechryslerjeepdodge.com,http://www.maguirechryslerjeepdodge.com/index.htm,2
15993,LEA1629,majorkia.com,http://majorkia.com/,2
15996,LEA3320,majorkia.com,http://majorkia.com/,2
14561,LEA13934,marionchryslerdodgejeepram.com,http://www.marionchryslerdodgejeepram.com/,2
14735,LEA14460,marionchryslerdodgejeepram.com,http://www.marionchryslerdodgejeepram.com/,2
12379,LEA14472,markjacobsontoyota.com,http://www.markjacobsontoyota.com/,2
12378,LEA13958,markjacobsontoyota.com,http://www.markjacobsontoyota.com/,2
4465,LEA523,markleymotorshonda.com,http://www.markleymotorshonda.com/index.htm,2
3740,LEA4413,markleymotorshonda.com,http://www.markleymotorshonda.com/,2
13552,LEA2989,marmies.com,http://marmies.com/,2
13553,LEA2994,marmies.com,http://marmies.com/,2
13354,LEA15929,martinchevrolet.com,http://www.martinchevrolet.com/,2
8948,LEA15348,martinchevrolet.com,http://www.martinchevrolet.com/,2
6847,LEA121,martinhonda.com,http://www.martinhonda.com/,2
7214,LEA6257,martinhonda.com,http://www.martinhonda.com/,2
5281,LEA11146,maseratilotusgreenville.com,http://www.maseratilotusgreenville.com/,2
9452,LEA11180,maseratilotusgreenville.com,http://www.maseratilotusgreenville.com/,2
15549,LEA3562,maseratinyc.com,http://www.maseratinyc.com/index.htm,2
15979,LEA3563,maseratinyc.com,http://www.maseratinyc.com/index.htm,2
4235,LEA6226,mattslap.com,http://www.mattslap.com/,2
15544,LEA119,mattslap.com,http://www.mattslap.com/index.htm,2
6404,LEA16303,mazdakilleen.com,http://www.mazdakilleen.com/index.htm,2
6403,LEA10728,mazdakilleen.com,http://www.mazdakilleen.com/index.htm,2
11370,LEA306,mazdaoflakewood.com,http://www.mazdaoflakewood.com/index.htm,2
15261,LEA4790,mazdaoflakewood.com,http://www.mazdaoflakewood.com/,2
1629,LEA14034,mazdaofmidland.com,http://www.mazdaofmidland.com/,2
13940,LEA15426,mazdaofmidland.com,http://www.mazdaofmidland.com/,2
6980,LEA3026,mbofelmbrook.com,http://www.mbofelmbrook.com/index.htm,2
11322,LEA3720,mbofelmbrook.com,http://www.mbofelmbrook.com/index.htm,2
5569,LEA8692,mbwestminster.com,http://www.mbwestminster.com/,3
6561,LEA67,mbwestminster.com,http://www.mbwestminster.com/,3
16502,LEA3877,mbwestminster.com,http://www.mbwestminster.com/,3
5786,LEA9344,mcardlemidland.com,http://www.mcardlemidland.com/,2
5780,LEA9347,mcardlemidland.com,http://www.mcardlemidland.com/,2
5614,LEA13230,mccormickmotors.com,http://mccormickmotors.com/,2
16309,LEA1095,mccormickmotors.com,http://mccormickmotors.com/,2
11410,LEA290,mcdonaldhyundaidenver.com,http://www.mcdonaldhyundaidenver.com/,2
9406,LEA4725,mcdonaldhyundaidenver.com,http://www.mcdonaldhyundaidenver.com/,2
10373,LEA272,mcdonaldmazda.com,http://www.mcdonaldmazda.com/index.htm,2
17128,LEA4706,mcdonaldmazda.com,http://www.mcdonaldmazda.com/,2
1034,LEA273,mcdonaldmitsubishi.com,http://www.mcdonaldmitsubishi.com/index.htm,2
1035,LEA4714,mcdonaldmitsubishi.com,http://www.mcdonaldmitsubishi.com/,2
4273,LEA7240,mcgrathlexusofchicago.com,http://www.mcgrathlexusofchicago.com/,2
10098,LEA7238,mcgrathlexusofchicago.com,http://www.mcgrathlexusofchicago.com/,2
1546,LEA3008,mchevy.com,http://www.mchevy.com/,2
573,LEA6173,mchevy.com,http://www.mchevy.com/,2
13966,LEA9015,medvedchevroletbuickgmc.com,http://www.medvedchevroletbuickgmc.com/,3
16562,LEA74,medvedchevroletbuickgmc.com,http://www.medvedchevroletbuickgmc.com/,3
16174,LEA4060,medvedchevroletbuickgmc.com,http://www.medvedchevroletbuickgmc.com/,3
13963,LEA8717,medvedchevroletcadillac.com,http://www.medvedchevroletcadillac.com/,3
9328,LEA3903,medvedchevroletcadillac.com,http://www.medvedchevroletcadillac.com/,3
4423,LEA72,medvedchevroletcadillac.com,http://www.medvedchevroletcadillac.com/,3
13967,LEA9019,medvedchryslerdodgejeepram.com,http://www.medvedchryslerdodgejeepram.com/index.htm,2
11328,LEA4068,medvedchryslerdodgejeepram.com,http://www.medvedchryslerdodgejeepram.com/,2
13964,LEA4037,medvedford.com,http://www.medvedford.com/,2
13965,LEA8900,medvedford.com,http://www.medvedford.com/index.htm,2
12696,LEA17583,mercedesbenzofftpierce.com,http://www.mercedesbenzofftpierce.com/index.htm,4
12697,LEA17585,mercedesbenzofftpierce.com,http://www.mercedesbenzofftpierce.com/index.htm,4
12698,LEA17640,mercedesbenzofftpierce.com,http://www.mercedesbenzofftpierce.com/index.htm,4
12702,LEA9610,mercedesbenzofftpierce.com,http://www.mercedesbenzofftpierce.com/index.htm,4
2316,LEA2687,mercedesbenzofgeorgetown.com,http://www.mercedesbenzofgeorgetown.com/,2
13904,LEA14587,mercedesbenzofgeorgetown.com,http://www.mercedesbenzofgeorgetown.com/,2
9078,LEA582,mercedeshoffman.com,http://www.mercedeshoffman.com/,2
13378,LEA583,mercedeshoffman.com,http://www.mercedeshoffman.com/,2
12392,LEA13987,metrohondanc.com,http://www.metrohondanc.com/,2
14724,LEA14617,metrohondanc.com,http://www.metrohondanc.com/,2
9037,LEA10708,metrokiaatlanta.com,http://www.metrokiaatlanta.com/index.htm,2
12442,LEA5355,metrokiaatlanta.com,http://www.metrokiaatlanta.com/index.htm,2
15515,LEA14924,micasaford.com,http://micasaford.com/,2
15514,LEA14920,micasaford.com,http://micasaford.com/,2
4318,LEA6745,midstatetoyota.com,http://www.midstatetoyota.com/,2
3907,LEA4182,midstatetoyota.com,http://www.midstatetoyota.com/,2
13578,LEA13139,midwaychevroletcadillacbuick.com,http://www.midwaychevroletcadillacbuick.com/,2
13579,LEA13475,midwaychevroletcadillacbuick.com,http://www.midwaychevroletcadillacbuick.com/,2
13203,LEA11392,midwaychevy.com,http://www.midwaychevy.com/index.htm,2
16977,LEA63,midwaychevy.com,http://www.midwaychevy.com/index.htm,2
1930,LEA10309,mikebaileymotors.net,http://www.mikebaileymotors.net/index.htm,2
1932,LEA10450,mikebaileymotors.net,http://www.mikebaileymotors.net/index.htm,2
10437,LEA569,mikeshawbuickgmc.com,http://www.mikeshawbuickgmc.com/index.htm,3
10002,LEA4014,mikeshawbuickgmc.com,http://www.mikeshawbuickgmc.com/index.htm,3
14019,LEA8858,mikeshawbuickgmc.com,http://www.mikeshawbuickgmc.com/index.htm,3
7678,LEA4107,mikeshawsubaru.com,http://www.mikeshawsubaru.com/,2
3192,LEA324,mikeshawsubaru.com,http://www.mikeshawsubaru.com/index.htm,2
16656,LEA14023,miketoler.com,http://www.miketoler.com/,2
15839,LEA14686,miketoler.com,http://www.miketoler.com/,2
17193,LEA4136,mikewardinfiniti.com,http://www.mikewardinfiniti.com/,2
5891,LEA302,mikewardinfiniti.com,http://www.mikewardinfiniti.com/,2
13961,LEA4838,milehighacura.com,http://www.milehighacura.com/,2
7706,LEA62,milehighacura.com,http://www.milehighacura.com/,2
7401,LEA60,milehighhonda.com,http://www.milehighhonda.com/,2
6377,LEA4352,milehighhonda.com,http://www.milehighhonda.com/,2
13038,LEA10074,mmgauto.com,http://www.mmgauto.com/,2
13039,LEA9995,mmgauto.com,http://www.mmgauto.com/,2
5929,LEA11378,moderninfiniti.com,http://www.moderninfiniti.com/,2
10439,LEA13311,moderninfiniti.com,http://www.moderninfiniti.com/index.htm,2
12390,LEA13973,momentummazda.com,http://momentummazda.com/default.aspx,2
14723,LEA14486,momentummazda.com,http://momentummazda.com/default.aspx,2
10450,LEA8658,montroseford.net,http://www.montroseford.net/,2
14049,LEA3840,montroseford.net,http://www.montroseford.net/,2
4858,LEA11257,moranchevrolet.com,http://www.moranchevrolet.com/,2
7657,LEA12180,moranchevrolet.com,http://www.moranchevrolet.com/,2
1843,LEA3872,morgancitycourtesy.com,http://www.morgancitycourtesy.com/,2
1568,LEA4852,morgancitycourtesy.com,http://www.morgancitycourtesy.com/,2
12761,LEA9417,mossmotorco.net,http://mossmotorco.net/,2
12762,LEA9432,mossmotorco.net,http://mossmotorco.net/,2
7414,LEA310,mountainstatestoyota.com,http://www.mountainstatestoyota.com/index.htm,2
7415,LEA4223,mountainstatestoyota.com,http://www.mountainstatestoyota.com/index.htm,2
12365,LEA14025,mountairytoyota.com,http://www.mountairytoyota.com/,2
14709,LEA14687,mountairytoyota.com,http://www.mountairytoyota.com/,2
9970,LEA8564,msmazda.com,http://www.msmazda.com/,2
5599,LEA7702,msmazda.com,http://www.msmazda.com/,2
15546,LEA14525,mullinaxfordfl.com,http://www.mullinaxfordfl.com/index.htm,4
15547,LEA6477,mullinaxfordfl.com,http://www.mullinaxfordfl.com/index.htm,4
12500,LEA5843,mullinaxfordfl.com,http://www.mullinaxfordfl.com/index.htm,4
15548,LEA7421,mullinaxfordfl.com,http://www.mullinaxfordfl.com/index.htm,4
13990,LEA4823,murraybmwofdenver.com,http://www.murraybmwofdenver.com/,2
9148,LEA336,murraybmwofdenver.com,http://www.murraybmwofdenver.com/index.htm,2
16469,LEA15720,mydallashyundai.com,http://www.mydallashyundai.com/,2
16470,LEA15721,mydallashyundai.com,http://www.mydallashyundai.com/,2
10802,LEA828,myindyford.com,http://www.myindyford.com/,2
9919,LEA827,myindyford.com,http://www.myindyford.com/,2
13371,LEA3823,napletonkia.com,http://www.napletonkia.com/,2
4148,LEA11062,napletonkia.com,http://www.napletonkia.com/index.htm,2
12798,LEA12528,nashvillechryslerdodgeramjeep.com,http://www.nashvillechryslerdodgeramjeep.com/index.htm,2
12723,LEA12534,nashvillechryslerdodgeramjeep.com,http://www.nashvillechryslerdodgeramjeep.com/index.htm,2
15933,LEA2448,nemetnissan.com,http://www.nemetnissan.com/index.htm,2
9643,LEA3092,nemetnissan.com,http://www.nemetnissan.com/,2
11087,LEA114,newarktoyotaworld.com,http://www.newarktoyotaworld.com/,2
10766,LEA6223,newarktoyotaworld.com,http://www.newarktoyotaworld.com/,2
13513,LEA9778,nissankansascity.com,http://www.nissankansascity.com,2
8499,LEA9781,nissankansascity.com,http://www.nissankansascity.com/,2
13672,LEA9394,nixauto-center.com,http://www.nixauto-center.com/,2
15488,LEA10249,nixauto-center.com,http://www.nixauto-center.com/,2
12086,LEA11198,northpennvwmazda.com,http://www.northpennvwmazda.com,2
12085,LEA11118,northpennvwmazda.com,http://www.northpennvwmazda.com,2
894,LEA1388,northsideford.net,http://www.northsideford.net/,2
9780,LEA1396,northsideford.net,http://www.northsideford.net/,2
11119,LEA924,obrientoyota.com,http://www.obrientoyota.com/,2
8249,LEA905,obrientoyota.com,http://www.obrientoyota.com/,2
362,LEA14478,odomford.com,http://www.odomford.com/,2
1946,LEA13965,odomford.com,http://www.odomford.com/,2
7774,LEA12290,orlandonissan.com,http://www.orlandonissan.com/,2
11356,LEA5369,orlandonissan.com,http://www.orlandonissan.com/,2
14275,LEA2963,pacificnissan.com,http://www.pacificnissan.com/,2
14272,LEA16451,pacificnissan.com,http://www.pacificnissan.com/,2
10100,LEA7410,palmchevrolet.com,http://www.palmchevrolet.com/,2
10101,LEA7413,palmchevrolet.com,http://www.palmchevrolet.com/,2
15620,LEA5615,papascdjct.com,http://www.papascdjct.com/,2
15621,LEA5616,papascdjct.com,http://www.papascdjct.com/,2
1954,LEA14488,parkergm.com,http://www.parkergm.com/index.cfm,2
15629,LEA13976,parkergm.com,http://www.parkergm.com/index.cfm,2
11008,LEA14046,parkerhonda.com,http://www.parkerhonda.com/,2
493,LEA14758,parkerhonda.com,http://www.parkerhonda.com/,2
12397,LEA15078,parkschevy.com,http://www.parkschevy.com/,2
12369,LEA15050,parkschevy.com,http://www.parkschevy.com/,2
5108,LEA25,parsonsbuick.com,http://www.parsonsbuick.com/,2
11659,LEA5130,parsonsbuick.com,http://www.parsonsbuick.com/,2
11104,LEA17382,patriotcars.com,http://www.patriotcars.com/,2
2650,LEA16305,patriotcars.com,http://www.patriotcars.com/,2
6133,LEA11399,patriotchevy.com,http://www.patriotchevy.com/,2
12147,LEA12387,patriotchevy.com,http://www.patriotchevy.com/,2
15357,LEA10778,paulmasseeastprovidence.com,http://www.paulmasseeastprovidence.com/,2
9017,LEA10596,paulmasseeastprovidence.com,http://www.paulmasseeastprovidence.com/,2
10829,LEA4833,peakbuickgmc.com,http://www.peakbuickgmc.com/,2
8092,LEA8312,peakbuickgmc.com,http://www.peakbuickgmc.com/,2
6975,LEA723,peakkianorth.com,http://www.peakkianorth.com/,3
11025,LEA8748,peakkianorth.com,http://www.peakkianorth.com/,3
14047,LEA3918,peakkianorth.com,http://www.peakkianorth.com,3
6448,LEA4447,pedersentoyota.com,http://www.pedersentoyota.com/,2
6449,LEA526,pedersentoyota.com,http://www.pedersentoyota.com/,2
5955,LEA528,pedersenvolvo.com,http://www.pedersenvolvo.com/index.htm,2
16482,LEA4448,pedersenvolvo.com,http://www.pedersenvolvo.com/,2
16580,LEA1520,perrisvalleyautocenter.com,http://www.perrisvalleyautocenter.com/,2
15215,LEA1521,perrisvalleyautocenter.com,http://www.perrisvalleyautocenter.com/,2
14560,LEA13932,petersonchryslerjeepdodge.net,http://www.petersonchryslerjeepdodge.net/,2
14729,LEA14459,petersonchryslerjeepdodge.net,http://www.petersonchryslerjeepdodge.net/,2
15764,LEA14458,petersontoyota.com,http://petersontoyota.com/default.aspx,2
12405,LEA13930,petersontoyota.com,http://petersontoyota.com/default.aspx,2
5934,LEA6922,petronissan.com,http://www.petronissan.com/,2
2729,LEA15062,petronissan.com,http://www.petronissan.com/,2
9778,LEA571,phillongaudi.com,http://www.phillongaudi.com/index.htm,2
14015,LEA4632,phillongaudi.com,http://www.phillongaudi.com/index.htm,2
5266,LEA636,phillongtoyota.com,http://www.phillongtoyota.com/,2
9591,LEA4393,phillongtoyota.com,http://www.phillongtoyota.com/,2
2811,LEA14499,philsmithacura.com,http://www.philsmithacura.com,2
9351,LEA13019,philsmithacura.com,http://www.philsmithacura.com/index.htm,2
10938,LEA4729,pikespeakacura.com,http://www.pikespeakacura.com/,2
15834,LEA575,pikespeakacura.com,http://www.pikespeakacura.com/index.htm,2
16332,LEA8944,pinebeltchevrolet.com,http://www.pinebeltchevrolet.com/,2
16333,LEA7211,pinebeltchevrolet.com,http://www.pinebeltchevrolet.com/,2
13994,LEA4093,planethonda.com,http://www.planethonda.com/,2
9823,LEA366,planethonda.com,http://www.planethonda.com/,2
13996,LEA661,planethyundai.com,http://www.planethyundai.com/,2
13993,LEA4087,planethyundai.com,http://www.planethyundai.com/,2
17145,LEA14051,porscheofjackson.com,http://porscheofjackson.com/,2
513,LEA14767,porscheofjackson.com,http://porscheofjackson.com/,2
944,LEA10953,portclintonford.com,http://portclintonford.com/,2
945,LEA11380,portclintonford.com,http://portclintonford.com/,2
16300,LEA1077,powerkia.com,http://www.powerkia.com/index.htm,2
8634,LEA17751,powerkia.com,http://www.powerkia.com/index.htm,2
17375,LEA16067,powerofbowsernissan.com,http://www.powerofbowsernissan.com/,2
17376,LEA8356,powerofbowsernissan.com,http://www.powerofbowsernissan.com/,2
10423,LEA10078,prestonfordsuperstore.com,http://prestonfordsuperstore.com,2
9988,LEA9578,prestonfordsuperstore.com,http://prestonfordsuperstore.com/,2
3146,LEA15012,providencechryslerdodgejeep.com,http://www.providencechryslerdodgejeep.com,2
3147,LEA15098,providencechryslerdodgejeep.com,http://www.providencechryslerdodgejeep.com,2
13772,LEA16026,pruittford.com,http://www.pruittford.com/,2
16643,LEA16812,pruittford.com,http://www.pruittford.com/,2
9203,LEA14477,pschevy.com,http://www.pschevy.com/,2
15746,LEA13964,pschevy.com,http://www.pschevy.com/,2
2702,LEA632,pueblododge.com,http://www.pueblododge.com/index.htm,2
10716,LEA4259,pueblododge.com,http://www.pueblododge.com/,2
9565,LEA4249,pueblotoyota.com,http://www.pueblotoyota.com/,2
6588,LEA628,pueblotoyota.com,http://www.pueblotoyota.com/,2
12475,LEA17639,qauto.com,http://www.qauto.com/index.htm,2
12608,LEA17638,qauto.com,http://www.qauto.com/index.htm,2
10783,LEA13087,qualitygmcars.com,http://www.qualitygmcars.com/,2
13461,LEA3448,qualitygmcars.com,http://www.qualitygmcars.com/,2
12484,LEA9137,rahalchevybuick.com,http://www.rahalchevybuick.com/,2
12485,LEA9139,rahalchevybuick.com,http://www.rahalchevybuick.com/,2
14973,LEA4296,ralphsellershyundai.com,http://www.ralphsellershyundai.com/,2
7759,LEA4292,ralphsellershyundai.com,http://www.ralphsellershyundai.com/,2
16213,LEA3184,raycatenalexus.com,http://www.raycatenalexus.com/,2
16212,LEA7506,raycatenalexus.com,http://www.raycatenalexus.com/,2
4532,LEA15439,raymondchevrolet.com,http://www.raymondchevrolet.com/,2
2535,LEA1339,raymondchevrolet.com,http://www.raymondchevrolet.com/,2
16073,LEA590,rebbecmotor.com,http://www.rebbecmotor.com/,2
13452,LEA15400,rebbecmotor.com,http://www.rebbecmotor.com/,2
9256,LEA9553,redriverford.com,http://www.redriverford.com/,2
16449,LEA9695,redriverford.com,http://www.redriverford.com/,2
9736,LEA14469,reedlallier.com,http://www.reedlallier.com/,2
12403,LEA13952,reedlallier.com,http://www.reedlallier.com/,2
15821,LEA4584,reevesimportmotorcars.com,http://www.reevesimportmotorcars.com/,2
12612,LEA4968,reevesimportmotorcars.com,http://www.reevesimportmotorcars.com/,2
6112,LEA11751,reliablechevy.com,http://www.reliablechevy.com/index.htm,2
4757,LEA16927,reliablechevy.com,http://www.reliablechevy.com/index.htm,2
10174,LEA13940,renaldohonda.com,http://www.renaldohonda.com/,2
4383,LEA14463,renaldohonda.com,http://www.renaldohonda.com/,2
15599,LEA13945,renaldokia.com,http://www.renaldokia.com/,2
15601,LEA14465,renaldokia.com,http://www.renaldokia.com/,2
15862,LEA12994,rickcasehyundaidavie.com,http://rickcasehyundaidavie.com/,2
15863,LEA8050,rickcasehyundaidavie.com,http://rickcasehyundaidavie.com/,2
11061,LEA403,rickenbaughinfiniti.com,http://www.rickenbaughinfiniti.com/index.htm,2
11062,LEA4672,rickenbaughinfiniti.com,http://www.rickenbaughinfiniti.com/index.htm,2
10668,LEA14017,rickjustice.com,http://rickjustice.com/,2
9889,LEA14680,rickjustice.com,http://rickjustice.com/,2
11340,LEA14619,rippyautomotive.com,http://www.rippyautomotive.com/,2
15874,LEA13991,rippyautomotive.com,http://www.rippyautomotive.com/,2
16015,LEA4354,riverheadhyundai.com,http://www.riverheadhyundai.com/,2
10477,LEA4341,riverheadhyundai.com,http://www.riverheadhyundai.com/,2
5918,LEA11689,rockriverblock.com,http://www.rockriverblock.com/,2
8777,LEA15545,rockriverblock.com,http://www.rockriverblock.com/,2
238,LEA7865,ronalpenford.net,http://www.ronalpenford.net/,2
2070,LEA7830,ronalpenford.net,http://www.ronalpenford.net/,2
16419,LEA3042,ronsmithgmc.com,http://www.ronsmithgmc.com/,2
15039,LEA16214,ronsmithgmc.com,http://www.ronsmithgmc.com/,2
14862,LEA14772,roundtreechryslerdodgeramjeep.com,http://www.roundtreechryslerdodgeramjeep.com/,2
9389,LEA14053,roundtreechryslerdodgeramjeep.com,http://www.roundtreechryslerdodgeramjeep.com/,2
13629,LEA5145,rountreeford.net,http://www.rountreeford.net/,2
15710,LEA13504,rountreeford.net,http://www.rountreeford.net/index.htm,2
7764,LEA3354,rudolphmazda.com,http://www.rudolphmazda.com/,2
2519,LEA15941,rudolphmazda.com,http://www.rudolphmazda.com/,2
14927,LEA6944,rundeautogroupofmanchester.com,http://www.rundeautogroupofmanchester.com/,2
16232,LEA17770,rundeautogroupofmanchester.com,http://www.rundeautogroupofmanchester.com/,2
1268,LEA7446,rushtruckcenters.com,http://www.rushtruckcenters.com/default.aspx,3
886,LEA9402,rushtruckcenters.com,http://www.rushtruckcenters.com/locations/location-search/2402-cincinnati,3
14191,LEA15694,rushtruckcenters.com,http://www.rushtruckcenters.com/,3
10251,LEA16507,rusnakvolvo.com,http://www.rusnakvolvo.com/index.htm,2
17245,LEA17579,rusnakvolvo.com,http://www.rusnakvolvo.com/index.htm,2
9513,LEA4063,salidachevy.com,http://www.salidachevy.com/,3
14040,LEA9016,salidachevy.com,http://www.salidachevy.com/,3
6891,LEA642,salidachevy.com,http://www.salidachevy.com/,3
14417,LEA2097,sanleandrohonda.com,http://www.sanleandrohonda.com/,2
9500,LEA767,sanleandrohonda.com,http://www.sanleandrohonda.com/,2
1130,LEA6826,sansonestoyota.com,http://www.sansonestoyota.com/,2
11711,LEA7019,sansonestoyota.com,http://www.sansonestoyota.com/,2
16219,LEA13988,schaefferbmw.com,http://www.schaefferbmw.com/,2
5911,LEA14618,schaefferbmw.com,http://www.schaefferbmw.com/,2
272,LEA14063,scheermotorsgm.com,http://www.scheermotorsgm.com/,2
669,LEA13437,scheermotorsgm.com,http://www.scheermotorsgm.com/,2
16560,LEA963,scherervillenissan.com,http://www.scherervillenissan.com/,2
13120,LEA965,scherervillenissan.com,http://www.scherervillenissan.com/,2
13370,LEA15730,schmidtchevrolet.com,http://www.schmidtchevrolet.com/,2
5204,LEA15723,schmidtchevrolet.com,http://www.schmidtchevrolet.com/,2
4594,LEA300,schompbmw.com,http://www.schompbmw.com/,3
13982,LEA8797,schompbmw.com,http://www.schompbmw.com/index.htm,3
9496,LEA3925,schompbmw.com,http://www.schompbmw.com/,3
9171,LEA4642,schomphonda.com,http://www.schomphonda.com/,2
11000,LEA266,schomphonda.com,http://www.schomphonda.com/index.htm,2
6813,LEA8314,schwieterscars.com,http://www.schwieterscars.com/,2
6974,LEA8311,schwieterscars.com,http://www.schwieterscars.com/,2
14024,LEA8892,scsnissan.com,http://www.scsnissan.com/,2
5692,LEA4024,scsnissan.com,http://www.scsnissan.com/,2
15047,LEA6408,servcosubaru.com,http://www.servcosubaru.com,2
15049,LEA6517,servcosubaru.com,http://www.servcosubaru.com,2
13714,LEA14572,sewellcadillac-dallas.com,http://www.sewellcadillac-dallas.com/,2
7799,LEA3180,sewellcadillac-dallas.com,http://www.sewellcadillac-dallas.com/,2
7933,LEA17159,sharpautos.com,http://www.sharpautos.com/,2
10996,LEA13137,sharpautos.com,http://www.sharpautos.com/,2
5979,LEA15387,sherwoodofsalisbury.com,http://www.sherwoodofsalisbury.com/index.htm,2
15796,LEA15395,sherwoodofsalisbury.com,http://www.sherwoodofsalisbury.com/index.htm,2
6422,LEA4152,shoptates.com,http://www.shoptates.com/,4
5679,LEA4156,shoptates.com,http://www.shoptates.com/,4
5768,LEA4151,shoptates.com,http://www.shoptates.com/,4
2645,LEA4154,shoptates.com,http://www.shoptates.com/,4
11116,LEA8653,shortlinekiaofcolorado.com,http://www.shortlinekiaofcolorado.com,2
8680,LEA3834,shortlinekiaofcolorado.com,http://www.shortlinekiaofcolorado.com/index.htm,2
11168,LEA4821,shortlinemazda.com,http://www.shortlinemazda.com/index.htm,2
8878,LEA40,shortlinemazda.com,http://www.shortlinemazda.com/index.htm,2
2840,LEA53,shortlinesubaru.com,http://www.shortlinesubaru.com/index.htm,2
9612,LEA4645,shortlinesubaru.com,http://www.shortlinesubaru.com/,2
6660,LEA8447,shultsfordinc.com,http://www.shultsfordinc.com/,2
6661,LEA11901,shultsfordinc.com,http://www.shultsfordinc.com/,2
17346,LEA709,silverthornegm.com,http://www.silverthornegm.com/,2
5840,LEA708,silverthornegm.com,http://www.silverthornegm.com/,2
9865,LEA8097,siouxcityfordiowa.com,http://www.siouxcityfordiowa.com/,2
9570,LEA8095,siouxcityfordiowa.com,http://www.siouxcityfordiowa.com/,2
16089,LEA4227,skylinemitsubishi.com,http://www.skylinemitsubishi.com/,2
17361,LEA331,skylinemitsubishi.com,http://www.skylinemitsubishi.com/index.htm,2
1283,LEA14479,smartcenterpalmbeach.com,http://www.smartcenterpalmbeach.com/,2
1285,LEA9060,smartcenterpalmbeach.com,http://www.smartcenterpalmbeach.com/,2
12364,LEA13938,smartchevrolet.com,http://www.smartchevrolet.com/,2
15311,LEA14462,smartchevrolet.com,http://www.smartchevrolet.com/,2
245,LEA6979,splash.deboerchev.com,http://splash.deboerchev.com/,2
609,LEA6981,splash.deboerchev.com,http://splash.deboerchev.com/,2
4197,LEA10444,sportchryslerjeepdodge.com,http://www.sportchryslerjeepdodge.com,2
9819,LEA16417,sportchryslerjeepdodge.com,http://www.sportchryslerjeepdodge.com/index.htm,2
14722,LEA14471,sportdurstchryslerjeepdodge.com,http://www.sportdurstchryslerjeepdodge.com/,2
14557,LEA13956,sportdurstchryslerjeepdodge.com,http://www.sportdurstchryslerjeepdodge.com/,2
11004,LEA13954,sportdursthyundai.com,http://www.sportdursthyundai.com/,2
14721,LEA14470,sportdursthyundai.com,http://www.sportdursthyundai.com/,2
9293,LEA4325,spradleybarrmazda.com,http://www.spradleybarrmazda.com/,2
9292,LEA405,spradleybarrmazda.com,http://www.spradleybarrmazda.com/,2
10921,LEA9,stephencadillacgmc.com,http://www.stephencadillacgmc.com/,2
5937,LEA4870,stephencadillacgmc.com,http://www.stephencadillacgmc.com/,2
10920,LEA4866,stephentoyota.com,http://www.stephentoyota.com/index.htm,2
16347,LEA8,stephentoyota.com,http://www.stephentoyota.com/,2
15111,LEA11005,stevejoneschrysler.net,http://www.stevejoneschrysler.net/,2
15110,LEA10818,stevejoneschrysler.net,http://www.stevejoneschrysler.net/,2
1641,LEA3991,stevekeetchmotors.com,http://www.stevekeetchmotors.com/,2
1642,LEA8845,stevekeetchmotors.com,http://www.stevekeetchmotors.com/,2
16499,LEA14003,stevensonkiajax.com,http://www.stevensonkiajax.com,2
4787,LEA14654,stevensonkiajax.com,http://www.stevensonkiajax.com,2
13997,LEA9014,stevinsonchevrolet.com,http://www.stevinsonchevrolet.com/,2
9444,LEA363,stevinsonchevrolet.com,http://www.stevinsonchevrolet.com/,2
9907,LEA4686,stevinsonhyundai.com,http://www.stevinsonhyundai.com/,2
9952,LEA657,stevinsonhyundai.com,http://www.stevinsonhyundai.com/,2
4706,LEA401,stevinsonlexusoffrederick.com,http://www.stevinsonlexusoffrederick.com/,2
9265,LEA4818,stevinsonlexusoffrederick.com,http://www.stevinsonlexusoffrederick.com/,2
10967,LEA4796,stevinsonlexusoflakewood.com,http://www.stevinsonlexusoflakewood.com/,2
9390,LEA375,stevinsonlexusoflakewood.com,http://www.stevinsonlexusoflakewood.com/,2
9702,LEA4446,stevinsontoyotaeast.com,http://www.stevinsontoyotaeast.com/,2
11122,LEA49,stevinsontoyotaeast.com,http://www.stevinsontoyotaeast.com/,2
6626,LEA370,stevinsontoyotawest.com,http://www.stevinsontoyotawest.com/,2
10662,LEA4776,stevinsontoyotawest.com,http://www.stevinsontoyotawest.com/,2
8192,LEA70,sthvolvo.com,http://www.sthvolvo.com/,2
16605,LEA3978,sthvolvo.com,http://www.sthvolvo.com/,2
4363,LEA530,subaruofloveland.com,http://www.subaruofloveland.com/index.htm,2
7788,LEA4429,subaruofloveland.com,http://www.subaruofloveland.com/,2
13189,LEA10360,suburbanmazdaoftroy.com,http://www.suburbanmazdaoftroy.com,2
13161,LEA8246,suburbanmazdaoftroy.com,http://www.suburbanmazdaoftroy.com/,2
2635,LEA15682,sullivanparkhill.com,http://www.sullivanparkhill.com/,2
2636,LEA15864,sullivanparkhill.com,http://www.sullivanparkhill.com/,2
5699,LEA9516,summitplacekia.com,http://www.summitplacekia.com,2
13181,LEA9000,summitplacekia.com,http://www.summitplacekia.com,2
10193,LEA6470,sunsetgm.com,http://www.sunsetgm.com/,2
10194,LEA6483,sunsetgm.com,http://www.sunsetgm.com/,2
7672,LEA950,sunwesthonda.com,http://www.sunwesthonda.com/index.htm,2
544,LEA946,sunwesthonda.com,http://www.sunwesthonda.com/index.htm,2
13957,LEA4000,suss.net,http://www.suss.net/,3
5074,LEA46,suss.net,http://www.suss.net/,3
13959,LEA8854,suss.net,http://www.suss.net/,3
2148,LEA11223,swansonmotors.com,http://www.swansonmotors.com/,2
1763,LEA5395,swansonmotors.com,http://www.swansonmotors.com/,2
14471,LEA16282,swiftchryslerjeepdodge.com,http://www.swiftchryslerjeepdodge.com/index.htm,2
14472,LEA2611,swiftchryslerjeepdodge.com,http://www.swiftchryslerjeepdodge.com/,2
15366,LEA10650,tascaford.net,http://www.tascaford.net/,2
14708,LEA5785,tascaford.net,http://www.tascaford.net/,2
16593,LEA14037,taylorfordonline.com,http://www.taylorfordonline.com/,2
4409,LEA14726,taylorfordonline.com,http://www.taylorfordonline.com/,2
12703,LEA9626,tcjaguar.com,http://www.tcjaguar.com/index.htm,2
12695,LEA13871,tcjaguar.com,http://www.tcjaguar.com/index.htm,2
2453,LEA9017,thinkbarnesbaker.com,http://www.thinkbarnesbaker.com,2
8447,LEA9018,thinkbarnesbaker.com,http://www.thinkbarnesbaker.com/,2
13662,LEA8855,thinkbradfentongm.com,http://www.thinkbradfentongm.com/,2
15447,LEA15105,thinkbradfentongm.com,http://www.thinkbradfentongm.com/,2
11903,LEA12395,thomasofmedia.com,http://www.thomasofmedia.com/,2
12108,LEA10094,thomasofmedia.com,http://www.thomasofmedia.com,2
4426,LEA11671,thompsonchevrolet.com,http://www.thompsonchevrolet.com/,2
14865,LEA4653,thompsonchevrolet.com,http://www.thompsonchevrolet.com/,2
4516,LEA7281,toddwenzel.com,http://www.toddwenzel.com/index.htm,2
4517,LEA10523,toddwenzel.com,http://www.toddwenzel.com/index.htm,2
11689,LEA5119,torringtontoyota.com,http://www.torringtontoyota.com/,2
4024,LEA5118,torringtontoyota.com,http://www.torringtontoyota.com/,2
6799,LEA4381,townandcountryalamosa.com,http://www.townandcountryalamosa.com/,2
14038,LEA8650,townandcountryalamosa.com,http://www.townandcountryalamosa.com/,2
16649,LEA9549,toyotaofardmore.com,http://toyotaofardmore.com/,2
15450,LEA9694,toyotaofardmore.com,http://toyotaofardmore.com/,2
16468,LEA4045,toyotaofcoloradosprings.com,http://www.toyotaofcoloradosprings.com/index.htm,2
14020,LEA8930,toyotaofcoloradosprings.com,http://www.toyotaofcoloradosprings.com/index.htm,2
3319,LEA15892,toyotaofelcajon.com,http://www.toyotaofelcajon.com/,2
14270,LEA15428,toyotaofelcajon.com,http://www.toyotaofelcajon.com/,2
10603,LEA13978,toyotaofgastonia.com,http://toyotaofgastonia.com/,2
3492,LEA14490,toyotaofgastonia.com,http://toyotaofgastonia.com/,2
12535,LEA6482,toyotaofhollywood.com,http://www.toyotaofhollywood.com/index.htm,2
15596,LEA16863,toyotaofhollywood.com,http://www.toyotaofhollywood.com/index.htm,2
10267,LEA14008,toyotaofnewbern.com,http://www.toyotaofnewbern.com/,2
9206,LEA14675,toyotaofnewbern.com,http://www.toyotaofnewbern.com/,2
14951,LEA4492,trappchevroletcadillac.com,http://www.trappchevroletcadillac.com/,3
14952,LEA4504,trappchevroletcadillac.com,http://www.trappchevroletcadillac.com/,3
13600,LEA4501,trappchevroletcadillac.com,http://www.trappchevroletcadillac.com/,3
10431,LEA6066,trucktowntexas.com,http://www.trucktowntexas.com/,2
15889,LEA10358,trucktowntexas.com,http://www.trucktowntexas.com/,2
4528,LEA6835,turanfoley.com,http://www.turanfoley.com/,2
9463,LEA6834,turanfoley.com,http://www.turanfoley.com/,2
6460,LEA15412,turpincars.com,http://www.turpincars.com/,2
16533,LEA598,turpincars.com,http://www.turpincars.com/,2
2179,LEA6024,ultimateautogroup.com,http://www.ultimateautogroup.com/,3
2180,LEA6025,ultimateautogroup.com,http://www.ultimateautogroup.com/,3
562,LEA6027,ultimateautogroup.com,http://www.ultimateautogroup.com/,3
916,LEA1341,universityautocenter.com,http://www.universityautocenter.com,2
17053,LEA1739,universityautocenter.com,http://www.universityautocenter.com/,2
15911,LEA1477,uptownchevrolet.com,http://www.uptownchevrolet.com/,2
8389,LEA1743,uptownchevrolet.com,http://www.uptownchevrolet.com/,2
7973,LEA8677,valleynissan.com,http://www.valleynissan.com/,2
15768,LEA3859,valleynissan.com,http://www.valleynissan.com/,2
16686,LEA14006,vannunderwoodchryslerjeepdodge.com,http://www.vannunderwoodchryslerjeepdodge.com/,2
5909,LEA14673,vannunderwoodchryslerjeepdodge.com,http://www.vannunderwoodchryslerjeepdodge.com/,2
15264,LEA14647,vannyorktoyota.com,http://vannyorktoyota.com/,2
16272,LEA13998,vannyorktoyota.com,http://vannyorktoyota.com/,2
5606,LEA8168,verneidehondasiouxcity.com,http://www.verneidehondasiouxcity.com/,2
6585,LEA17747,verneidehondasiouxcity.com,http://www.verneidehondasiouxcity.com/,2
14910,LEA7361,vernlauresautocenter.net,http://www.vernlauresautocenter.net/index.htm,2
14911,LEA9031,vernlauresautocenter.net,http://www.vernlauresautocenter.net/,2
5579,LEA17543,verobeachtoyota.com,http://www.verobeachtoyota.com/,2
12530,LEA4532,verobeachtoyota.com,http://www.verobeachtoyota.com/,2
3049,LEA14515,victorydelmont.com,http://www.victorydelmont.com,2
3057,LEA14451,victorydelmont.com,http://www.victorydelmont.com,2
9236,LEA622,vidmarhonda.com,http://www.vidmarhonda.com/,2
9342,LEA4680,vidmarhonda.com,http://www.vidmarhonda.com/,2
4322,LEA17744,visionhyundaicanandaigua.com,http://www.visionhyundaicanandaigua.com/,2
11268,LEA1794,visionhyundaicanandaigua.com,http://www.visionhyundaicanandaigua.com/,2
17252,LEA4119,vistajeepchryslerdodge.com,http://www.vistajeepchryslerdodge.com/,2
7103,LEA378,vistajeepchryslerdodge.com,http://www.vistajeepchryslerdodge.com/,2
8534,LEA12171,wagnercars.com,http://www.wagnercars.com/,2
8148,LEA10613,wagnercars.com,http://www.wagnercars.com/,2
1567,LEA4812,walkeracura.com,http://www.walkeracura.com/,2
13588,LEA5148,walkeracura.com,http://www.walkeracura.com/,2
16397,LEA10419,wallacehyundaiofstuart.com,http://www.wallacehyundaiofstuart.com/,2
8225,LEA8077,wallacehyundaiofstuart.com,http://www.wallacehyundaiofstuart.com/,2
14529,LEA17798,wasilladodge.com,http://www.wasilladodge.com/index.htm,2
7315,LEA4176,wasilladodge.com,http://www.wasilladodge.com/index.htm,2
1329,LEA12734,weakleycomotors.com,http://www.weakleycomotors.com/,2
1330,LEA12746,weakleycomotors.com,http://www.weakleycomotors.com/,2
12376,LEA13936,weaverbrothersvolvo.com,http://www.weaverbrothersvolvo.com/,2
2233,LEA14461,weaverbrothersvolvo.com,http://www.weaverbrothersvolvo.com/,2
9257,LEA3624,westherrsubaru.com,http://www.westherrsubaru.com/index.htm,2
4351,LEA17733,westherrsubaru.com,http://www.westherrsubaru.com/index.htm,2
14940,LEA7743,wielechevrolet.com,http://wielechevrolet.com/,2
14944,LEA7164,wielechevrolet.com,http://wielechevrolet.com/,2
5453,LEA8333,williamschevy.com,http://www.williamschevy.com/,2
10339,LEA17737,williamschevy.com,http://www.williamschevy.com/,2
7176,LEA17736,williamsfordpa.com,http://www.williamsfordpa.com/index.htm,2
12080,LEA11307,williamsfordpa.com,http://www.williamsfordpa.com/,2
8891,LEA11473,williamskia.com,http://www.williamskia.com/,2
16472,LEA9904,williamskia.com,http://www.williamskia.com,2
15456,LEA8326,wilmesford.com,http://wilmesford.com/,2
15457,LEA9940,wilmesford.com,http://wilmesford.com/,2
4551,LEA14468,wilsonpremierhyundai.com,http://www.wilsonpremierhyundai.com/,2
17297,LEA13950,wilsonpremierhyundai.com,http://www.wilsonpremierhyundai.com/,2
1199,LEA6133,winnersubaru.com,http://www.winnersubaru.com/,2
12159,LEA107,winnersubaru.com,http://www.winnersubaru.com/,2
11281,LEA588,winslowbmw.com,http://www.winslowbmw.com/index.htm,2
14022,LEA4745,winslowbmw.com,http://www.winslowbmw.com/index.htm,2
7170,LEA1041,wittauto.com,http://www.wittauto.com/,2
4362,LEA3828,wittauto.com,http://www.wittauto.com/,2
6497,LEA8774,wolfmotors.com,http://www.wolfmotors.com/,2
8773,LEA14065,wolfmotors.com,http://www.wolfmotors.com/,2
13882,LEA16807,worldcarhyundaisouth.com,http://www.worldcarhyundaisouth.com/,2
13883,LEA16811,worldcarhyundaisouth.com,http://www.worldcarhyundaisouth.com/,2
6162,LEA17724,wyomingvalleymotors.com,http://www.wyomingvalleymotors.com/index.htm,4
6189,LEA17725,wyomingvalleymotors.com,http://www.wyomingvalleymotors.com/index.htm,4
3645,LEA17723,wyomingvalleymotors.com,http://www.wyomingvalleymotors.com/index.htm,4
16520,LEA10086,wyomingvalleymotors.com,http://www.wyomingvalleymotors.com,4
11694,LEA5205,yourfairfieldhyundai.com,http://www.yourfairfieldhyundai.com/,2
12024,LEA11297,yourfairfieldhyundai.com,http://www.yourfairfieldhyundai.com,2
6530,LEA17741,zeiglerhondaamherst.com,http://www.zeiglerhondaamherst.com/,3
5592,LEA1157,zeiglerhondaamherst.com,http://www.zeiglerhondaamherst.com/,3
7714,LEA12105,zeiglerhondaamherst.com,http://www.zeiglerhondaamherst.com/,3
